Name,ID,Iterations,Status,Ordering,Edges,SpanningTree,Time
sff_2D_dense,0,100000,unsolved,[2],[],1e+08,0.0170944
sff_2D_dense,0,100000,unsolved,[2],[],1e+08,0.0266219
sff_2D_dense,0,100000,unsolved,[2],[],1e+08,0.0364881
SFF*,0,20,solved,[0;3;2;1],[81.3839;37.189;118.573;47.3247;128.709;84.5137],165.898,0.000638
SFF*,0,35,solved,[0;4;3;2;1],[66.9781;61.4851;128.463;143.364;210.342;204.849;56.2469;123.225;117.732;105.778],290.488,0.0069915
SFF*,0,119,solved,[0;4;3;2;1],[66.9781;110.996;44.0175;143.364;191.492;235.51;56.2469;123.225;167.242;105.778],273.021,0.0192339
SFF*,0,61,solved,[0;3;4;2;1],[61.4851;105.503;44.0175;143.364;204.849;248.867;56.2469;117.732;161.75;199.611],305.114,0.0083367
SFF*,0,120,solved,[0;4;3;2;1],[70.8378;65.6783;136.516;36.3685;107.206;102.047;35.154;105.992;100.832;71.5225],208.039,0.0016098
SFF*,0,50,solved,[0;4;3;2;1],[70.8378;65.6783;136.516;36.3685;107.206;102.047;35.154;105.992;100.832;71.5225],208.039,0.0004777
SFF*,0,75,solved,[0;4;3;2;1],[70.8378;65.6783;136.516;36.3685;107.206;102.047;35.154;105.992;100.832;71.5225],208.039,0.0014033
SFF*,0,190489,solved,[0;3;2;1],[7.83849;8.80868;3.79154;6.8405;4.47224;5.74455],15.1043,20.0002
SFF*,0,188616,solved,[0;3;2;1],[8.61038;8.74504;3.62423;6.81876;4.60213;6.07225],15.0451,20.0002
SFF*,0,166808,solved,[0;3;2;1],[8.38993;8.80413;3.88026;7.31292;4.7341;5.66733],15.9273,20.0006
SFF*,0,81317,unsolved,[17],[],1e+08,40.0008
SFF*,0,74826,unsolved,[18],[],1e+08,40.001
SFF*,0,60913,unsolved,[8],[],1e+08,20
SFF*,0,62974,unsolved,[8],[],1e+08,20.0002
SFF*,0,63019,unsolved,[8],[],1e+08,20.0005
SFF*,0,59980,unsolved,[8],[],1e+08,20.0003
SFF*,0,330089,solved,[0;8;5;9;6;4;7;3;2;1],[21.7814;58.3258;55.5809;68.9332;63.3769;10.6074;89.3568;83.8005;31.031;20.4237;68.5191;90.3005;98.4383;109.046;129.469;101.762;123.543;71.6328;72.646;85.2442;65.8372;60.7991;55.2427;2.47325;8.13413;28.5578;100.912;74.1061;99.4661;121.247;66.6679;67.6811;80.3009;62.6799;4.96492;69.1412;51.7187;73.5001;23.3552;33.9626;54.3862;75.0831;50.0475;25.8284;47.7966],243.328,10.7375
SFF*,0,332792,solved,[0;8;6;9;3;7;5;2;1;4],[22.6248;99.8453;77.2206;86.6429;64.0182;20.6918;79.6269;57.0022;28.9765;8.39037;130.702;108.077;83.9034;70.6805;69.0928;77.2765;54.6517;26.626;9.36648;2.35048;71.4433;135.668;113.043;78.9377;75.6463;74.0586;4.96574;76.409;80.6126;57.9878;49.851;31.6153;23.225;50.0893;23.225;55.055;73.8305;92.4536;123.481;105.245;96.8549;65.6553;96.8549;70.6211;73.7635],252.644,10.9372
SFF*,0,78129,unsolved,[18],[],1e+08,40.0016
SFF*,0,66265,unsolved,[18],[],1e+08,40.0003
SFF*,0,99862,unsolved,[3;5],[224.853],1e+08,40.0006
SFF*,0,104292,unsolved,[7],[],1e+08,40.0008
SFF*,0,198470,solved,[0;5;4;3;2;1],[433.074;175.344;268.222;648.609;217.776;473.868;539.561;262.613;365.486;267.448;196.923;354.266;189.724;571.212;555.21],1113.68,60.0002
SFF*,0,234269,solved,[0;5;4;3;2;1],[428.271;174.803;270.3;645.61;217.339;477.266;536.827;263.878;363.544;266.75;203.266;352.629;190.644;569.968;552.275],1116.96,60.0006
SFF*,0,334051,solved,[0;4;3;2;1],[177.931;620.62;473.118;519.605;363.236;268.963;198.9;191.77;567.946;529.402],1001.9,100
SFF*,0,452561,solved,[0;4;3;2;1],[176.279;619.494;470.395;522.864;363.193;266.993;202.508;186.871;566.512;531.278],993.337,100.001
SFF*,0,100680,unsolved,[8],[],1e+08,40.0003
SFF*,0,100210,unsolved,[8],[],1e+08,40.0005
SFF*,0,182656,solved,[0;9;8;7;6;5;4;3;2;1],[6.90757;8.9213;10.0558;7.9519;10.2254;4.22614;4.73179;9.37655;7.96847;9.17199;11.1156;11.1074;6.83479;4.14575;12.8464;7.43585;10.4593;4.44379;6.51017;4.50907;10.2092;10.0393;13.9074;6.36235;8.02498;6.65357;11.5758;3.90506;8.89778;9.69982;4.34388;3.07403;10.4401;3.28997;7.80573;9.47262;10.4536;10.5726;8.18413;4.32732;12.2512;1.94962;10.5221;12.3523;3.98601],37.037,40
SFF*,0,192495,solved,[0;9;8;7;6;5;4;3;2;1],[6.75152;8.80699;10.607;7.54155;10.1919;4.57874;5.20017;9.50857;8.20032;9.03906;10.7478;11.6369;6.90011;4.1113;12.6819;7.34518;10.6791;4.52776;6.61762;4.74979;10.2356;9.41999;14.0266;6.42164;7.62875;6.95111;11.3082;3.72089;10.0367;9.66127;4.18638;2.88557;10.5053;3.0316;7.70791;9.45402;9.97188;10.5768;8.09958;4.51809;12.8549;2.19003;10.6979;12.1468;4.11097],37.2437,40.001
SFF*,0,165309,solved,[0;19;18;17;16;15;14;13;12;11;10;9;8;7;6;5;4;3;2;1],[8.31688;2.48007;8.47554;5.79808;8.6985;8.06024;9.47896;3.82496;10.4467;10.0077;10.3323;4.46766;10.229;11.5283;1.59261;10.2261;10.0254;11.362;10.1174;6.53504;8.12765;9.53721;6.20762;9.35226;11.9889;4.05157;3.15045;9.27495;5.90915;5.90853;7.23234;3.15396;7.53895;8.49224;9.1772;10.0124;6.95031;8.19797;5.61035;11.7512;6.67592;7.38427;10.3535;5.07661;10.2183;8.62023;2.75559;8.51692;9.81627;2.41413;1.71207;8.62277;3.45203;7.46114;6.27215;7.01732;8.24744;9.34615;2.04054;9.86212;10.8187;10.6347;12.2568;2.74112;12.2773;9.94881;9.87878;9.81943;9.95704;9.91674;7.82265;8.49429;2.6112;8.4028;9.22312;8.99359;8.16427;10.5497;7.47146;6.33274;8.04307;9.53659;3.40636;4.49792;5.22386;4.28821;8.01382;5.12967;4.29796;9.6838;4.48822;4.94993;12.113;7.39454;8.05902;11.898;12.9645;10.1696;12.0765;9.32255;7.80421;11.2524;9.81572;8.70618;9.33411;10.7111;5.63209;12.1853;11.6176;2.72064;2.62002;6.91616;4.57311;9.66791;8.19842;4.33209;11.3626;7.25148;4.14222;13.4763;8.96593;11.8843;8.13859;9.8253;9.83613;10.7564;6.49278;10.1324;10.315;10.3637;10.2983;11.0321;4.36977;6.42977;4.79865;10.383;10.8022;13.773;10.3197;12.8025;11.047;11.6127;8.72529;10.5757;13.5292;7.34693;12.2062;14.3172;6.22424;7.9082;7.25828;11.3001;3.87635;9.67156;7.43023;10.9836;9.53759;3.60527;4.43004;3.81015;6.98645;9.42664;7.8417;6.0194;9.3995;4.21738;2.94054;11.1791;3.10602;7.64944;9.49255;10.5831;3.88595;10.911;11.5319;1.52419;1.63993;7.03757;4.51193;9.06314;7.86365;2.73872;10.7916;7.75604;4.93055;13.4221;1.74614;10.9321;12.0535;3.98736],61.0801,60.0017
SFF*,0,144693,solved,[0;19;18;17;16;15;14;13;12;11;10;9;8;7;6;5;4;3;2;1],[8.26757;2.27058;8.15946;5.51107;8.68805;7.78166;9.14753;4.35156;9.0019;10.3398;10.1947;4.41996;9.93052;11.0802;2.22711;11.8986;9.56452;12.4781;9.41536;6.75056;8.65448;9.38324;6.08524;8.79131;13.3909;3.82617;3.29229;9.74106;5.7027;6.0459;7.55373;3.30083;8.3396;8.33628;8.4898;10.6872;6.4857;8.5331;5.38865;11.6804;6.36989;6.95343;10.6472;5.02883;9.61152;8.5203;2.76989;8.30607;10.0756;4.0866;1.8595;10.514;3.31535;7.77383;6.04343;6.96064;8.38601;9.23122;1.91366;10.5086;11.0207;9.64276;13.3403;2.68447;12.2184;10.1871;9.33877;9.55748;11.0389;9.25997;7.09774;8.83436;2.55988;8.53233;10.5365;8.83136;8.51871;10.1615;8.163;6.28978;9.7896;9.84457;3.24491;4.99097;5.86831;4.71633;8.87439;5.02463;5.41132;11.1913;4.95598;5.05733;12.0696;5.70182;7.90173;11.4418;12.5057;10.0285;12.7466;9.14061;8.01157;11.532;9.63679;7.92681;9.6541;11.5484;5.87663;11.4028;12.4098;2.40089;2.47574;6.35064;4.55821;10.0096;7.68669;4.33524;12.6941;7.10781;4.23299;12.7754;7.70597;12.0852;8.61091;9.9552;9.28733;10.5962;6.84901;10.316;9.77103;7.77595;10.3527;11.3956;4.46028;6.59888;4.53375;10.3512;9.14236;14.227;10.7095;12.5016;10.8549;12.2052;8.72065;10.5187;12.9752;7.74927;13.3486;13.993;6.22814;7.93723;6.80487;10.9745;3.71067;11.1234;6.24766;10.2999;11.4984;3.24531;4.88586;3.76862;7.07148;8.19758;7.98504;6.74536;9.75963;4.50919;2.9604;10.4714;3.37902;7.63145;9.5307;10.7609;3.68195;10.6152;10.7685;1.61334;1.78624;7.74878;4.62634;7.81497;7.7089;2.80966;10.4994;8.48935;4.8473;12.6537;2.19468;10.9003;11.9306;3.98016],61.2162,60.001
SFF*,0,379563,unsolved,[1;4],[30.2922],1e+08,60.0002
SFF*,0,408772,unsolved,[1;4;3],[30.4741;117.369;86.8948],1e+08,60.0002
SFF*,0,445318,solved,[0;3;1;2],[112.451;207.142;94.6913;249.406;148.279;242.054],355.422,60.0004
SFF*,0,493663,solved,[0;3;2;1],[113.322;259.109;146.867;147.366;95.2019;240.486],355.391,60.0006
SFF*,0,413657,solved,[0;8;4;3;9;6;7;5;2;1],[21.6999;14.4752;17.2655;38.7067;60.4066;49.5308;9.16791;30.8678;18.7885;33.7491;46.9304;68.6303;54.5697;8.22367;40.1518;7.02744;22.7522;7.44778;45.0898;11.3408;47.1219;5.47244;27.1723;19.9477;33.2343;6.68283;41.458;12.4999;8.48298;17.4832;9.19934;47.1897;16.6097;52.3909;5.26895;13.9554;4.28797;25.9878;16.093;37.8181;4.87994;45.0318;8.64526;4.58382;12.771],92.2194,16.3275
SFF*,0,411185,solved,[0;8;6;9;3;7;5;4;2;1],[21.0518;43.7779;50.0791;8.92939;28.8659;40.0076;52.2917;41.6682;8.51382;48.5215;7.70315;24.6782;48.0047;13.1562;53.971;5.68894;23.1934;40.4681;5.67866;48.9819;12.2825;13.846;17.3273;55.1339;20.5071;46.6201;7.35092;19.535;7.62077;26.0717;51.3987;16.5502;55.3645;5.31066;13.3097;8.74438;4.1628;25.2146;39.6151;4.76659;48.1289;8.38962;3.89285;15.7405;11.7836],98.5608,16.6191
SFF*,0,407869,solved,[0;7;4;8;6;3;9;5;2;1],[7.30727;15.4449;8.31526;24.4322;22.6386;16.711;51.3381;52.4222;55.1485;48.9097;42.874;43.958;46.6844;43.3792;8.46413;9.06032;14.8806;20.2229;33.2657;42.2778;33.8137;5.27669;12.584;18.4133;27.4006;48.1428;39.6787;5.86503;7.25606;5.46245;8.18881;17.1761;46.9597;38.5136;16.0895;10.2245;4.41649;10.2368;15.579;28.8487;46.9216;38.4575;4.64383;4.45657;11.6725],93.413,14.9098
SFF*,0,399290,solved,[0;28;26;29;20;16;18;23;27;10;22;9;12;6;24;19;17;7;14;4;15;11;25;8;21;13;5;3;2;1],[18.6283;45.2742;40.3336;55.9446;51.0039;10.6703;37.1035;19.8183;37.2822;47.9525;92.5904;75.8272;61.7372;58.8432;56.0089;97.0381;83.0146;51.7639;48.8699;63.1963;9.97333;63.2322;67.8235;48.9948;39.2312;86.277;76.283;66.3096;49.2749;53.8662;35.0374;30.3044;72.3196;74.6954;64.7221;13.9574;57.0744;61.6657;30.073;19.4027;67.3552;63.7938;53.8205;22.1701;10.9017;43.1335;47.7248;28.8961;22.5522;66.1783;73.8512;63.8779;28.201;14.2436;13.9409;8.59952;24.2864;52.6879;63.3582;41.6455;97.1323;104.373;60.79;46.8326;57.7343;47.9322;13.6354;29.3223;58.9097;69.58;46.6814;102.168;109.409;57.4046;54.0412;64.9429;55.1408;7.20856;42.1931;46.7844;27.9557;29.2937;65.2379;80.5927;70.6194;21.4594;7.50204;17.3701;6.74156;46.9918;54.2004;16.5992;32.2861;61.8735;72.5438;47.6295;103.116;110.357;52.8924;50.6048;61.5064;59.653;11.7208;4.51222;58.1068;61.3972;65.9885;32.0541;21.3838;69.3363;63.2579;53.2846;17.8474;13.4269;4.32274;18.2636;60.2595;67.4681;20.9289;64.0316;91.0499;86.1093;45.7757;42.8817;66.4451;15.9615;5.98816;68.7088;61.2898;50.3881;60.4455;98.4636;104.685;67.1871;107.649;50.8614;11.0805;16.4367;56.3547;67.0251;29.2379;84.7247;91.9653;59.7435;59.2402;68.1549;54.214;12.4076;17.4435;53.2736;18.3916;72.4777;95.683;88.8736;71.5884;60.4507;57.5567;51.7701;7.36762;11.4263;77.7359;75.9648;65.0632;75.1206;93.4155;98.4514;81.8621;99.3995;64.7109;14.675;81.0079;16.186;11.7746;52.1082;62.7785;20.9176;76.4044;83.645;68.0638;65.4608;73.2604;59.3195;20.7279;25.7638;58.3791;26.7119;77.5831;87.3627;8.32031;72.6876;82.8505;77.9098;37.5763;34.6823;68.3719;24.1609;14.1876;62.0172;53.0904;42.1887;52.2461;90.2642;96.486;58.9877;99.4498;44.1698;8.19942;93.931;22.8745;89.2894;59.8112;58.3074;19.7973;9.12699;57.0795;53.5181;43.5447;30.1042;21.1774;10.2757;20.3331;67.2249;73.4467;27.0747;71.7821;12.2568;40.1124;70.8918;54.7874;70.082;31.913;16.5546;9.62765;49.9612;60.6315;22.1017;78.1106;85.298;70.2108;63.4938;71.2934;57.3525;22.2127;27.2486;56.4121;28.8589;75.6161;88.5468;10.4673;73.8717;2.147;87.5375;67.935;31.3108;12.6825;43.5965;54.2668;7.13582;63.1447;70.3322;80.506;66.5486;73.6695;60.4073;36.7402;41.7761;59.4669;42.7242;75.6506;73.5809;24.3326;58.9059;16.0123;75.5077;63.3938;14.9658;3.63622;19.3231;48.9105;59.5808;36.6822;92.169;99.4096;65.7533;51.7959;60.7106;46.7698;4.9633;9.9992;45.8293;12.963;65.0334;94.6862;7.44429;88.4522;15.7646;86.4867;63.4475;17.2494;31.7769;32.8034;31.2995;12.4708;23.1411;49.753;74.208;64.2347;36.524;22.5666;30.3662;16.4253;40.2171;46.4388;15.4849;49.4026;34.6889;58.2465;43.8839;72.9216;43.0742;50.0471;27.0078;40.9272;43.982;36.4396;8.70981;26.2367;46.6688;57.3391;43.5958;99.0826;98.4326;60.4005;46.4432;55.854;41.9131;6.01915;13.2277;40.9727;17.7399;59.87;92.4445;14.3579;95.3658;22.6782;84.245;61.2058;24.163;38.6905;6.91361;34.1979;34.0258;38.617;19.7883;30.4587;57.0705;81.5255;71.5522;29.2065;15.2491;23.0487;9.10778;38.8245;46.033;8.16736;50.5453;27.3714;65.564;45.1063;80.2391;50.2117;57.3646;28.7177;48.2447;51.2995;37.662;7.3175;32.8053;7.57995;11.0483;51.3819;62.0522;29.5236;85.0104;92.251;65.1318;56.8548;64.6544;50.7135;13.2381;18.274;49.7731;21.2378;68.9771;95.9687;5.38834;81.2936;8.60602;88.9582;67.3912;8.97464;23.7308;8.27479;40.3834;15.1884;41.6057;4.1207;21.6476;49.3949;60.0653;39.0066;94.4935;101.159;64.9896;51.0323;60.4431;46.5022;5.13167;12.3237;45.5618;15.2875;64.4591;95.1706;9.76878;90.7767;18.0891;86.9712;63.9319;19.5739;34.1014;2.3245;36.9241;4.58911;37.3944;10.5993],263.704,25.8617
SFF*,0,399894,solved,[0;28;25;8;16;18;17;29;11;22;27;23;24;12;9;5;6;19;10;3;26;15;14;20;13;4;7;21;2;1],[9.93835;18.3756;9.62999;28.2093;18.2709;14.6427;80.8132;70.8749;77.2401;62.7223;88.6869;78.7486;85.1138;73.508;11.5535;86.8659;81.0124;90.6423;79.6464;17.692;6.13843;59.5706;53.7171;63.3471;59.9523;54.7689;43.2154;37.077;64.8807;59.0271;68.6571;65.2623;58.7907;47.2372;41.0988;10.6626;49.8648;47.9409;57.5709;54.1761;65.9229;67.7292;61.5907;31.1546;20.492;56.2172;54.2933;63.9233;60.5286;72.2753;69.1682;63.0298;32.5936;21.931;7.54759;56.1021;62.4372;71.7591;68.6724;80.4192;75.1471;69.0086;42.9869;32.3244;18.8095;11.2619;17.5318;27.4701;33.1888;45.7411;97.7289;101.311;98.1958;70.9005;69.5933;50.409;54.5552;53.247;13.4642;23.4026;29.1213;41.6735;93.2408;96.823;93.7077;66.4124;65.1051;45.9209;50.0671;54.2941;4.48815;8.09778;18.0361;23.7548;36.3071;87.4306;91.0129;87.8975;60.6022;65.9123;47.9735;54.3259;56.9738;10.8421;6.3539;7.71024;17.6486;23.3673;35.9195;81.6117;85.1939;82.0785;54.7833;60.0933;42.1545;48.507;56.5863;16.661;12.1729;5.81897;49.0309;47.107;56.737;53.3422;65.089;68.6713;65.5559;38.2606;28.7005;8.20847;7.18632;15.3302;47.3689;42.8807;47.1396;41.3206;65.5839;66.721;76.351;72.9562;68.2725;56.719;50.5805;24.5589;13.8963;18.7801;13.5719;18.4281;68.1271;63.639;66.4556;60.9346;20.7582;64.2473;62.3234;71.9534;68.5586;69.1942;57.6406;51.5022;21.066;10.4034;14.3825;11.5276;22.7895;64.7915;60.3034;62.356;56.537;18.7139;4.39756;40.5633;38.6394;48.2694;44.8746;56.6214;60.2037;57.0883;29.793;28.4858;9.30149;15.6539;23.7978;41.1075;36.6194;38.672;32.853;8.4676;28.0816;23.684;48.6926;42.839;52.469;49.0742;56.2095;44.656;38.5176;10.878;21.5406;28.2165;34.5689;42.7128;60.0225;55.5343;49.7242;43.9052;27.3826;35.4369;31.9441;18.915;94.8642;89.0107;98.6406;87.9445;25.99;14.4365;8.29805;35.2936;32.8007;53.2927;54.7317;60.7106;102.394;97.9058;95.8958;90.0769;61.5012;42.2825;43.2042;61.2865;46.1716;77.4495;67.5112;73.8764;62.2706;7.65514;11.2374;17.3758;54.4528;58.4746;58.2678;64.6202;72.7641;90.0738;85.5856;79.7755;73.9565;57.4339;67.9564;68.878;48.9663;53.1659;25.6739;21.6941;11.7557;18.121;6.51518;59.1191;66.9928;73.1312;53.4371;58.7471;47.6609;54.0134;62.1572;39.2259;35.1583;29.7919;29.4043;46.827;66.441;62.0435;38.3594;42.5591;81.4293;55.7554;37.1353;31.2817;40.9117;37.5169;49.2637;52.846;49.7306;22.4353;27.7454;16.6592;23.0116;31.1555;48.4652;43.977;38.1669;32.3479;15.8253;35.4393;31.0417;7.35769;11.5573;57.7289;41.6086;31.0155;15.6332;11.2418;2.74244;17.3852;79.2049;87.8562;92.2541;64.9589;70.2689;59.1827;65.5351;69.0167;30.4464;26.3788;21.0124;20.6248;58.3488;77.9628;73.5652;49.8812;54.0808;100.252;76.6188;20.8634;42.5235;12.6762;15.1767;10.0548;24.6976;86.0516;93.9253;96.1891;68.8938;74.2039;57.7811;64.1335;64.0184;25.4481;21.3805;16.0141;15.6265;56.9472;73.5002;72.1636;48.4796;58.0158;104.187;82.6879;26.9325;46.4585;7.3124;3.61302;13.5514;19.2701;31.8223;84.3174;88.3332;85.2179;57.9226;63.2326;46.2517;52.6042;52.4891;13.9188;9.85123;4.48476;4.09722;45.4179;61.9709;60.6343;36.9503;47.0445;93.2162;77.0958;25.3071;35.4872;16.5276;11.5293;7.43422;9.93473;10.9414;25.5841;80.8096;88.6833;90.9471;63.6518;68.9618;54.5804;60.9329;60.8177;22.2474;18.1799;12.8134;12.4259;53.7465;70.2995;68.9629;45.2789;52.7738;98.9454;77.4459;21.6905;41.2165;8.19895;5.24201;8.32867;4.56843;14.5068;22.1904;32.7777;81.8306;85.4129;82.2975;55.0022;60.3123;46.0992;52.4516;53.7445;16.8391;12.7716;7.40513;3.94469;45.2653;63.2263;60.4817;36.7977;44.1242;90.2958;74.1755;26.2625;32.5856;19.448;14.4497;2.92037;11.249],263.272,33.305
SFF*,0,406023,solved,[0;21;9;12;24;27;22;10;29;26;28;25;8;16;14;20;15;11;19;18;17;23;4;6;3;7;13;5;1;2],[3.53117;7.8108;4.27963;14.1905;10.6594;6.37975;18.6422;15.111;10.8314;4.45163;52.3613;52.0885;47.8088;49.6001;53.6467;44.7661;44.7081;43.8313;49.0933;53.5449;7.59523;57.3791;57.3211;57.9291;63.1911;67.6427;18.2206;14.0978;54.142;54.084;55.8541;62.2338;66.6854;36.2415;32.273;20.6057;44.8612;44.8032;46.5733;52.9531;57.4047;30.5875;22.9922;32.228;11.6223;16.709;16.5912;20.8708;27.2506;31.7022;50.3194;42.7241;55.3372;52.0022;40.3799;17.213;17.0952;21.3749;22.4875;25.1347;60.1167;52.5215;65.1345;61.7995;50.1772;9.79734;28.2713;28.1536;32.4332;36.9622;39.6094;61.8818;54.2865;66.8996;56.0033;44.381;11.5624;15.8295;89.6129;89.4951;93.7748;98.575;101.222;76.2017;80.813;66.7152;58.0909;63.3488;72.9039;80.5873;65.3941;81.8169;81.6991;85.9788;92.3585;96.8102;76.3898;81.0011;66.9032;58.279;63.5369;65.1079;74.9053;60.0487;7.79599;28.6015;28.4838;32.7634;39.1432;43.5948;62.2119;54.6167;67.2298;49.1699;37.5476;11.8926;21.6899;6.83336;61.0114;53.2154;82.9079;82.8499;84.62;90.9997;95.4514;67.5225;61.0389;55.8339;35.2283;38.0467;78.4266;88.2239;74.1921;25.3022;25.4902;67.3996;63.5503;63.4923;65.2624;71.6421;76.0938;26.8332;25.2952;11.1973;9.40832;21.0306;61.4105;71.2079;65.4116;55.5179;55.7059;58.5783;44.6366;61.9998;61.9418;61.4087;63.1999;67.2465;13.5998;17.6611;4.62076;22.6417;34.264;59.9579;69.7553;71.5203;64.2208;64.4089;71.8116;55.5416;13.2334;93.1074;92.9896;97.2693;103.649;100.982;65.0993;69.7106;55.6127;46.9885;52.2464;76.3984;86.0194;71.3392;11.1024;11.2905;64.5059;14.1997;44.4154;53.1184;91.2194;91.1614;92.9314;99.3112;103.763;59.211;63.8223;49.7245;41.1002;46.3581;82.2867;91.9077;77.2275;16.9907;17.1788;70.3941;8.31145;38.5271;47.2301;5.88827;62.9383;59.4071;55.1275;53.3498;52.3906;11.3665;18.9618;29.5871;47.608;41.5834;61.3153;71.1127;72.8777;87.5683;87.7563;73.2079;78.889;38.1997;24.9663;76.4658;70.5775;16.1825;15.7269;19.1329;20.2376;22.8848;62.3666;54.7714;67.3844;64.0494;52.4271;12.0472;2.24989;16.7246;78.3374;76.7733;23.5579;90.4738;73.4577;72.0052;83.7695;89.6578;73.3625;48.2309;44.6998;40.4201;42.2114;46.663;7.38869;6.88189;20.9797;36.1568;26.8761;46.608;56.4053;58.1704;83.5904;83.7785;58.5006;64.9228;32.177;20.9885;72.488;66.5997;14.7073;58.6552;40.5677;38.366;34.0863;40.4661;44.9177;15.4709;9.745;23.8428;28.0746;18.7938;38.5258;48.3231;50.0881;82.1427;82.3307;50.4183;56.8405;35.0402;27.4061;71.0403;65.152;22.7896;50.573;8.08225;11.1655;7.63435;11.0404;17.4201;21.8718;58.8492;52.3424;64.9554;61.7183;52.4376;13.3731;10.3424;24.8171;86.277;78.481;25.2657;90.4843;71.1267;69.5762;89.7715;95.6598;66.1678;8.09254;51.4605;45.1267;33.3175;33.2595;35.0296;41.4094;45.861;19.0438;11.4485;24.0616;20.8244;11.5437;31.2756;41.073;42.838;74.8925;75.0806;43.1682;49.5904;30.2328;28.6823;63.7901;57.9018;30.0397;43.3229;15.3324;7.25014;40.8939;5.2742;3.70401;7.98364;14.3634;18.815;55.7925;48.4121;61.0251;57.788;48.5072;20.2952;20.7992;31.8576;93.1992;85.4032;32.1878;86.5539;67.1963;65.6459;96.6937;94.8654;63.1111;19.4309;48.4038;42.07;11.3384;36.9635;9.18737;7.61718;11.8968;18.2766;22.7282;59.7057;52.3252;64.9383;61.7012;52.4204;24.2084;24.7124;35.7708;97.1123;89.3163;36.101;90.4671;71.1095;69.559;100.607;98.7785;67.0243;23.3441;52.317;45.9831;15.2515;40.8767;3.91317;8.14311;8.02536;12.305;18.6847;23.1364;56.1088;48.5136;61.1266;57.8895;48.6088;8.56585;9.06988;20.1282;81.4698;73.6738;20.4584;86.6555;67.2978;65.7474;84.9643;90.8526;67.1048;8.03941;52.3975;44.3152;4.80725;37.0651;11.7294;15.6425],264.916,30.297
SFF*,0,398709,solved,[0;28;26;29;11;19;27;6;3;24;12;9;23;10;22;15;18;17;8;14;25;20;16;13;4;21;7;5;2;1],[17.7635;49.9844;40.3697;60.7928;51.1781;10.8084;69.8069;61.2642;20.8946;10.0861;70.6635;63.6553;33.0859;22.2775;12.1913;57.0523;50.0442;21.2616;24.0679;25.4972;13.6111;54.2174;47.2093;20.5861;23.3924;26.6967;21.0634;7.45224;45.7859;38.7778;19.106;25.842;29.1462;29.4949;15.8838;8.43151;18.1323;35.8958;54.4675;64.2215;67.5257;67.8743;54.2632;46.811;38.3794;14.7983;32.5618;49.1908;59.9992;66.14;66.4886;52.8775;45.4253;36.9937;5.27669;8.96857;26.7321;45.51;56.3185;65.3326;66.1891;52.578;49.743;41.3115;12.0383;6.76165;54.8742;66.8724;40.2492;39.5298;29.4437;17.2524;23.8462;19.6632;28.0947;53.3116;58.5883;55.2847;67.7168;60.7087;31.9261;22.2886;12.2025;4.3204;13.2947;20.7469;27.0562;65.4356;64.0499;63.2425;21.5728;49.7435;42.7354;13.9528;16.7592;20.0634;20.9199;7.30878;6.63328;9.08285;47.4623;46.0766;45.2692;26.2964;17.9733;88.4884;78.8737;38.5041;35.5617;33.6996;41.318;54.9291;58.9542;57.6101;92.9715;87.6948;84.0141;56.0108;45.6383;52.3209;92.8546;79.3328;42.8702;50.3028;48.4406;56.059;64.1317;63.4562;61.9762;97.3377;92.061;88.3802;70.7518;60.3794;56.823;14.741;96.7095;80.8713;46.7251;43.7828;41.9206;49.539;63.1501;67.1752;65.8311;101.193;95.9159;92.2351;64.2318;53.8594;60.5419;8.22102;6.52;32.6451;18.566;58.9357;69.7441;79.8303;82.2214;68.6102;65.7753;57.3438;47.3513;44.0174;38.1876;83.1888;79.2748;61.3015;79.3868;74.305;71.1658;81.3027;71.688;31.3183;42.1267;52.2129;64.4042;52.5799;51.9044;50.4243;85.7858;80.5091;76.8283;71.5675;63.2444;45.2711;26.2929;11.5519;18.0719;70.6845;18.3502;9.61742;49.9871;60.7955;70.8816;73.2728;59.6616;56.8267;48.3952;33.0565;29.7225;23.8928;68.894;70.3262;52.3528;88.4911;88.5998;82.9612;14.2948;81.3054;29.9103;12.1468;52.5164;63.3249;73.411;75.8021;62.191;59.356;50.9245;48.0426;44.7086;38.8789;79.0192;72.8555;54.8822;76.9455;70.4226;68.7245;6.41927;66.8021;18.8013;85.5394;67.7759;39.2548;50.0632;55.7616;63.38;60.5163;59.8408;58.3608;93.7222;88.4456;84.7648;78.0728;67.7004;53.2076;22.062;11.5569;13.841;62.7481;7.93648;77.0429;59.0754;38.3321;31.324;11.6523;22.4607;31.4748;32.3314;18.7202;15.8853;7.45377;42.8152;37.5385;33.8578;35.5484;29.3847;11.4114;50.1563;54.5225;58.3773;49.89;42.9706;40.9414;43.4708;50.907;15.7621;10.6711;51.0407;61.8492;71.9353;74.3264;60.7153;57.8803;49.4488;30.4684;27.1344;21.3047;66.3059;71.3798;53.4065;89.5448;90.0039;85.5493;16.8829;82.359;2.58812;21.3894;78.4469;41.995;4.35277;21.2926;50.135;60.9435;69.9576;70.2176;57.203;54.368;45.9365;16.2233;12.8893;7.05959;52.9653;67.8675;49.8942;88.6391;93.0052;96.8601;31.7264;81.4533;17.4316;33.4394;89.0685;38.4827;14.8435;8.31404;13.8972;54.2668;65.0753;75.1614;76.1102;63.9414;61.1064;52.6749;23.0203;19.6864;13.8566;58.8578;74.6059;56.6326;92.7709;93.23;92.9973;24.331;85.5851;10.0362;26.0439;81.673;45.2212;7.44806;7.39543;6.15319;23.9167;43.8312;54.6396;63.6537;64.5103;50.8991;48.0642;39.6327;17.787;12.8977;6.13607;54.5289;61.5637;43.5903;82.3352;86.7014;90.5563;37.4319;75.1495;23.137;36.0635;83.086;32.1789;20.5489;6.30383;13.1009;9.23411;8.52943;48.8991;59.7075;69.7937;72.1848;58.5736;55.7387;47.3072;27.3664;24.0324;18.2027;64.0177;69.2382;51.2648;87.4031;87.8622;89.4007;27.0955;80.2174;13.2149;20.6762;76.3053;39.8534;10.6268;12.7632;5.36774;15.3873;4.27906;22.0426;47.7649;58.5734;67.5875;67.8475;54.8329;51.998;43.5664;13.8532;10.5193;4.68951;50.5952;65.4974;47.5241;86.269;90.6351;94.49;33.4981;79.0832;19.2033;34.1894;87.0197;36.1127;16.6152;2.37008;9.16711;3.93375;13.5132],270.215,23.8759
SFF*,0,401871,solved,[0;28;20;16;18;25;23;24;19;27;22;29;3;11;10;12;9;6;17;15;14;8;4;26;21;1;13;7;5;2],[10.0375;21.9784;11.9408;83.1168;77.9717;62.778;86.4474;80.8359;70.3943;11.4723;17.5413;12.6998;20.3305;80.2648;80.4829;54.6993;64.7368;76.6776;81.2767;70.1301;67.3659;18.4068;28.4443;40.3852;100.653;103.743;31.0734;53.0025;63.6146;73.6107;70.712;68.3214;56.8492;81.1559;18.0922;71.0947;52.5761;62.6136;68.2089;70.2322;69.8458;69.7266;21.6956;60.1088;12.9966;45.1546;55.1921;60.7874;62.8107;66.1413;62.6958;22.6861;53.8484;18.46;7.42152;53.6619;50.4464;47.5477;49.571;51.5063;63.1462;38.3318;69.4941;23.1643;23.0672;15.6457;40.0121;50.0496;56.5024;58.5256;61.8563;53.7368;23.513;44.119;27.8401;15.9898;9.72941;25.3751;62.8963;59.6807;56.7821;58.8054;51.7484;72.3806;32.0222;74.5706;13.93;21.3735;20.7223;9.23437;30.4517;59.1578;69.1953;66.8496;68.8729;61.306;76.699;22.5491;67.8516;4.45685;11.306;14.0032;19.3019;23.7326;10.0675;14.2347;24.2722;36.2131;96.492;99.5713;26.9013;52.6475;4.80147;67.7976;55.9474;49.6869;65.3326;39.9575;70.4092;63.6901;7.72481;17.7623;29.7032;89.9715;93.0614;20.3914;52.5634;10.682;61.2771;49.4269;43.1664;58.8121;33.437;63.8887;57.1696;6.52051;48.2616;58.2991;64.7518;66.7751;70.1057;61.9862;15.2635;52.3684;19.5906;7.74039;7.42263;23.0683;8.24946;28.1449;19.0464;48.207;41.6865;86.6619;82.5496;70.6087;17.4843;6.01202;86.4949;65.6876;104.198;50.8372;63.8338;61.14;45.4943;62.0707;45.7364;55.294;100.037;93.5165;68.5626;82.5986;79.3831;76.4844;25.9025;14.4303;92.0829;57.2693;100.135;42.4189;55.4155;52.7217;37.076;58.0074;37.3181;46.8758;95.9738;89.4533;60.1443;8.41825;75.1994;71.087;59.1462;7.91747;11.2481;79.4766;73.3592;92.736;62.2997;62.3147;54.8932;41.6535;50.6082;50.8879;60.9554;88.5745;82.054;58.8576;11.4625;19.8808;21.7762;11.7386;6.29876;66.2331;69.0972;14.0317;76.4754;40.183;77.0108;74.3523;66.9308;53.8465;61.7883;63.0808;73.1483;36.0109;29.501;70.0377;75.1092;82.7832;65.4449;15.205;10.3636;22.3045;82.601;82.8191;2.3362;65.8464;29.5539;78.8197;67.7812;60.3596;60.81;52.2173;70.0444;74.3628;25.3819;18.872;60.4668;88.8311;89.7467;81.4507;16.3679;43.6039;40.3883;37.4897;39.513;42.8436;53.0882;42.5256;61.1405;33.2224;30.7192;23.2977;10.058;19.0127;19.2924;29.3599;56.979;50.4585;27.2621;43.058;38.9947;31.5955;43.7884;50.752;3.32394;13.3615;25.3023;86.4408;88.6605;15.9906;51.3753;15.0828;65.5863;53.736;47.4756;56.9858;37.7462;66.2202;61.4788;10.9108;4.40087;45.9957;89.9858;85.9226;78.5233;25.1001;14.4711;46.9278;5.60142;15.639;27.5798;87.7215;90.938;18.268;53.6528;17.3603;65.3944;53.5442;47.2838;57.1139;37.5543;66.3483;61.2869;13.1883;6.67835;45.8038;91.2666;87.2033;79.8041;27.3776;16.7486;48.2086;2.27748;33.6651;43.7026;49.2979;51.3211;54.6518;51.2063;30.7174;49.3323;29.9496;18.911;11.4895;20.7136;7.20448;29.9479;25.4927;45.1708;38.6503;15.4539;54.8662;50.8029;43.4037;55.4412;48.8701;11.8082;36.5922;36.4004;7.189;13.9189;25.8597;90.3058;90.8351;10.3523;59.5397;23.2472;70.8036;59.7651;52.3436;60.8509;45.9105;70.0853;66.3468;19.0751;12.5652;54.16;93.8509;89.7876;82.3884;24.384;8.01605;50.7929;8.16434;10.4418;40.8541;6.44195;16.4795;28.4203;83.7373;87.068;20.1666;55.5514;16.9161;61.4102;49.56;43.2996;53.1297;33.5702;62.3641;57.3027;12.7547;6.23414;41.8196;87.2824;83.2191;75.8199;28.2181;18.6472;44.2244;4.17605;3.9842;32.4162;12.3404;7.72296;8.36722;20.3081;86.339;89.2031;10.6089;62.4222;26.1297;71.3376;60.2991;52.8776;58.8136;47.7351;68.048;66.8807;21.9577;15.4478;55.9845;90.9168;87.7503;79.4542;20.1059;8.27271;48.7556;11.0469;13.3244;41.388;5.55167;14.1649],263.098,28.6527
SFF*,0,401744,solved,[0;21;22;29;26;28;25;4;18;24;12;9;23;19;17;14;16;20;8;15;11;27;10;6;13;5;3;7;2;1],[3.58819;45.9694;42.3813;57.2067;53.6185;15.463;47.7614;44.1732;23.089;10.3467;17.0842;20.6724;57.4483;50.7586;40.4119;16.6354;19.7227;56.9994;60.6897;50.343;9.93115;14.6605;17.6388;56.6526;62.7736;52.4269;12.015;2.08388;92.7888;90.7241;72.7975;58.0175;53.8815;79.2686;87.2377;85.1538;20.2196;18.1549;60.5362;71.7734;62.3281;37.3038;33.2673;31.1834;104.269;15.4893;13.4247;55.8059;67.0431;57.5979;32.5735;28.537;26.4531;99.5385;4.73028;9.14354;7.0789;49.4601;60.6974;51.2521;26.2278;22.1912;20.1074;93.1927;11.076;6.34576;59.9909;56.4027;23.3732;35.8582;46.2049;77.0751;73.4645;71.3807;67.7574;62.3493;57.6191;51.2733;65.3361;61.7479;19.3667;17.8044;28.1512;68.563;76.3661;76.0192;53.4308;79.5813;74.851;68.5052;18.0538;94.8338;91.2456;65.9884;51.2084;47.0724;84.0358;93.9669;91.9629;6.8091;109.401;104.67;98.3245;60.9483;46.6217;84.6316;84.4487;84.5188;69.7388;65.6028;67.5473;76.3993;77.626;11.7213;97.9934;93.2631;86.9173;79.4787;65.1521;18.5304;92.3646;92.1818;83.4523;68.6723;64.5363;75.2804;79.7482;78.4628;10.6548;105.726;100.996;94.6503;78.4122;64.0857;17.4639;7.73303;28.9564;32.5446;69.3205;62.6308;52.2841;11.8722;21.7566;22.9833;67.3965;49.176;44.4457;38.0999;88.9473;80.4352;74.2056;55.6751;63.4082;28.5441;32.1322;68.9081;62.2184;51.8717;11.4598;14.9328;16.1595;73.1878;47.3429;42.6126;36.2668;87.5401;80.0229;79.9969;61.4665;64.9897;6.82387;86.4697;82.8815;58.3073;42.8443;38.7083;75.6717;85.6028;87.6867;15.1732;101.036;96.3062;89.9604;60.2781;42.2244;8.36409;26.8945;25.828;68.7941;75.6179;65.8103;62.2221;24.7781;9.31504;18.0489;58.4608;68.392;70.4758;48.7025;80.3771;75.6468;69.301;30.9359;12.8821;41.8934;60.4238;59.3573;70.333;69.9206;33.5293;53.4704;49.8822;7.50091;22.9639;30.5899;64.9492;64.5004;64.1535;67.1092;67.7358;63.0056;56.6598;24.366;13.6783;60.3001;78.8305;77.764;76.8214;76.409;55.9027;23.5542;60.7464;57.1582;14.777;13.2147;23.5614;63.9733;71.7764;71.4295;58.0205;75.3131;70.5829;64.2371;22.6435;4.58971;51.2114;69.7419;68.6754;75.8455;75.4332;44.1303;10.601;12.9532;46.5345;42.9463;7.07904;22.5421;30.1681;63.6187;61.2318;59.1479;73.3481;59.664;54.9338;48.588;16.2942;19.9172;66.539;85.0694;84.0029;75.4909;75.0786;62.1416;31.626;8.0718;21.0249;36.2048;32.6166;11.5325;21.0019;11.5566;45.9158;45.467;45.1201;65.438;50.7716;46.0413;39.6955;34.9057;30.8991;58.6289;77.1594;76.0929;57.788;57.3756;50.2649;29.6055;19.0334;26.3094;18.6115;7.77815;4.18996;41.9133;57.3763;48.3632;24.8624;21.4063;19.3224;92.4078;19.8386;15.1083;8.76256;52.2128;59.7427;95.4355;86.1324;93.8654;36.7346;35.4819;87.0715;66.4121;47.8972;56.6902;39.8255;36.8066;37.5035;33.9154;9.08747;24.5505;32.1765;54.5878;53.638;51.5541;81.885;52.0703;47.34;40.9942;25.3252;28.4541;75.0759;93.6063;92.5398;66.4599;66.0476;67.3948;33.8655;16.5884;23.8644;9.03096;20.6199;32.8258;7.44054;11.0287;53.2393;62.1303;51.7836;14.8454;9.30384;7.21996;92.3738;25.7392;21.0089;14.6631;65.9364;72.6059;98.856;82.3927;85.6828;26.7176;23.3794;90.4919;69.8325;60.7402;68.0162;53.7037;41.7068;13.8782;44.9441;7.55704;11.1452;47.9211;56.8121;46.4654;9.52718;9.07835;8.73146;88.7958;27.7766;23.0463;16.7006;67.5479;67.2878;93.5378;77.0745;84.8075;21.3994;20.987;85.1737;64.5144;55.422;62.698;54.0915;36.3886;15.3352;45.0606;5.31819;4.3698;2.30516;44.6864;55.9236;46.4784;21.454;17.4175;15.3336;88.419;15.8498;11.1195;4.77374;56.047;63.7315;93.5507;82.1436;89.8766;33.3262;31.4931;85.1867;64.5273;51.8861;59.4634;43.8143;34.9218;3.98882;36.2205;9.88941;11.9268],273.159,22.7584
SFF*,0,405137,solved,[0;3;4;1;2],[68.2399;57.0138;78.317;93.6418;25.4019;94.0449;33.731;67.0731;23.2828;88.1512],149.489,12.4932
SFF*,0,415863,solved,[0;4;1;3;2],[55.3861;93.4349;94.8605;68.1553;76.167;25.322;34.3795;22.9056;92.1598;66.8739],149.481,13.2883
SFF*,0,396081,solved,[0;28;19;26;24;27;9;29;10;16;14;3;1;21;13;8;5;4;17;2;22;20;6;15;7;18;25;23;12;11],[10.837;34.8522;30.13;40.6592;29.8221;24.9445;51.9483;41.1113;36.5578;11.6133;90.157;79.32;73.2244;49.822;38.2087;92.429;81.592;72.7392;52.094;40.4807;13.38;88.8015;77.9645;59.3097;48.1423;47.3622;45.5728;33.1501;101.595;90.7577;72.1029;60.9355;60.1554;58.366;45.9433;12.7932;106.024;96.1688;71.1719;66.3466;65.5665;85.1565;72.7337;39.5837;30.4096;82.2852;87.7551;57.6252;69.225;68.4449;95.8777;95.3925;64.7463;54.887;28.4202;84.7397;73.9027;55.2479;44.0806;43.3004;70.7332;65.4772;36.0408;24.773;22.2661;30.114;115.611;104.774;83.9464;74.9514;74.1713;72.3819;59.9592;26.8091;17.635;12.7746;37.9372;35.0406;82.8238;71.9867;53.332;42.1646;41.3844;38.4852;32.3003;7.08766;19.8808;46.6713;63.2909;33.1769;33.8968;120.591;109.754;100.901;80.2561;68.6429;39.6167;28.1621;51.3529;64.1461;81.1277;106.29;87.3937;68.5604;58.4406;93.0869;87.3128;82.7593;57.8148;46.2015;10.5052;22.9003;56.0504;68.8435;95.634;106.383;81.2384;82.8594;48.9904;29.1116;88.5018;87.3493;82.7958;57.8512;46.238;15.0903;27.4854;60.6355;73.4287;100.219;110.968;85.8235;87.4446;53.5755;33.6967;4.58512;59.8685;63.3946;78.9099;53.9653;42.3521;51.4772;63.8723;89.7142;102.507;107.919;110.797;85.6525;116.523;83.7365;70.0836;40.972;40.9209;51.1542;54.6802;73.8548;58.4778;51.0664;60.1916;72.5867;98.4286;111.222;116.633;119.511;94.3668;125.238;92.4508;78.798;49.6864;49.6353;8.71436;36.3596;39.8857;59.0603;43.6833;41.5093;70.53;81.99;88.8715;101.665;107.076;109.954;84.8097;115.681;82.8937;89.1364;60.0248;55.4397;24.8139;17.4355;90.7982;79.9612;75.4078;50.4632;38.8499;13.0969;26.477;58.6698;71.463;98.2534;107.295;82.1504;85.4789;51.5821;36.4632;7.35159;7.38803;48.309;57.0233;62.8278;82.3444;71.5073;62.6546;42.0093;30.3961;10.5699;10.0847;35.003;47.7962;74.5867;85.3078;60.1633;61.8121;27.9153;38.2468;21.075;25.6601;62.0471;70.7614;71.9054;23.6668;60.4479;63.974;64.3043;39.3598;27.7465;43.1442;55.5393;75.1087;87.9019;93.313;96.1914;71.0469;101.918;69.1309;61.7506;32.639;28.0539;14.6056;23.3199;27.3859;35.4419;53.714;58.3614;47.5244;28.8696;17.7022;16.9221;44.3548;43.8697;30.4401;43.2333;48.6444;51.5228;26.3783;57.2492;24.4624;72.0318;54.86;59.4451;59.2741;67.9885;58.4314;55.772;33.785;44.6686;87.0625;79.7429;52.2103;49.9208;49.1406;76.5734;76.0882;46.8505;35.5827;18.9615;19.3042;10.8097;31.7361;43.9866;98.2034;87.0786;91.6637;91.4927;100.207;90.6499;87.9906;66.0036;76.8871;32.2186;31.7636;20.9266;24.2726;8.89559;20.1847;58.3934;60.6655;57.0379;69.8311;75.2422;78.1206;52.9762;83.847;51.0602;88.8276;66.3862;66.4227;58.2966;49.5822;34.7877;59.0347;50.5808;47.9312;26.5978;58.8164;24.8066;28.3327;47.5072;32.1303;29.9563;68.165;70.437;77.3185;90.1117;95.5228;98.4012;73.2567;104.128;71.3407;97.3919;68.2803;63.6952;35.0619;26.3475;11.553;68.8062;60.3524;35.6413;46.8784;79.0969;23.2347;15.9429;12.3462;18.9092;42.1683;53.4575;91.6662;91.6485;78.2189;91.0121;90.0811;76.5344;74.1571;102.856;72.2412;119.811;99.659;99.6954;75.7408;67.0264;52.2319;92.3074;81.5638;76.3202;47.7788;71.1196;33.2727;40.6789;55.2272;60.3898;79.5644;64.1874;58.4535;61.7371;74.1322;105.816;118.609;124.02;110.796;101.754;132.625;99.8379;80.3435;51.2319;55.817;16.1014;9.73098;27.1665;58.5835;72.307;30.707;75.3756;107.594;55.2918;32.4876;71.1701;53.4519;58.9219;28.7919;53.7365;65.3497;102.016;101.531;88.1016;83.7202;57.2534;28.8332;58.9472;66.7704;82.1239;129.693;111.551;111.588;107.702;102.647;87.8522;104.2;91.4465;93.0962;57.6615;48.1375;53.0645;76.2992;47.7011;95.365],437.518,22.6423
SFF*,0,393836,solved,[0;28;18;26;24;22;27;9;29;10;3;16;1;11;21;13;8;5;20;6;17;15;14;7;4;25;23;19;12;2],[11.1051;30.0018;18.8967;39.3511;28.246;9.34929;50.7025;39.5974;20.7007;11.3514;89.3913;78.2862;59.3895;50.0402;38.6888;93.1265;82.0214;63.1247;53.7754;42.424;7.13547;92.6511;81.546;62.6493;53.3;41.9486;19.1211;11.9856;90.7927;79.6876;60.7909;51.4416;50.0169;55.3137;50.1793;38.1937;104.242;93.1366;74.24;64.8907;63.4659;68.7627;63.6284;51.6427;13.4491;82.3492;71.2442;52.3475;42.9982;41.5734;74.7775;70.2137;69.7382;45.1014;31.6524;104.357;93.2518;74.3551;65.0058;63.581;96.0535;90.9191;78.9335;40.7398;31.9272;22.0076;96.4187;96.2856;83.4846;74.1353;72.7105;82.6901;77.5558;65.5701;27.3765;18.5639;31.1371;13.3633;57.3318;57.1988;54.1882;50.6558;62.0072;100.696;104.431;103.956;91.1222;82.3096;60.768;62.0747;63.7457;83.1453;72.0402;53.1435;43.7942;42.3695;47.6663;42.7411;30.7555;7.6474;21.0965;45.4743;48.3872;35.0239;94.45;120.02;108.915;90.0181;80.6688;69.3174;41.7974;39.3544;27.3688;55.3295;68.7785;97.107;82.2813;68.9179;131.325;58.1243;101.564;90.4592;71.5626;62.2133;50.8618;12.1731;15.4858;26.2927;64.4864;77.9354;85.6995;97.0833;83.7199;112.869;57.0482;29.6244;96.5356;85.4305;66.5338;57.1846;45.8331;7.14436;10.4571;21.264;59.4577;72.9067;80.6707;100.197;86.8341;107.84;52.0195;34.6531;5.0287;82.2196;71.1145;52.2178;42.8685;31.5171;15.4708;10.9069;10.4315;39.8429;53.292;59.3068;80.5827;67.2194;93.5243;32.1955;37.8003;26.3927;21.364;80.191;69.0859;50.1892;40.8399;29.4885;26.7322;33.8677;45.8533;79.5054;92.9544;71.0619;93.0695;102.199;91.4957;71.858;57.7372;28.1129;33.1416;42.203;59.3856;70.4907;52.0545;42.9147;45.0257;49.1016;56.2371;68.2227;94.3563;107.805;85.9129;107.92;117.05;93.5705;86.7089;80.1066;50.4822;55.5109;64.5723;22.3694;57.0102;45.9052;27.0085;17.6592;16.2344;49.4385;44.8747;44.3992;33.7824;47.2315;25.339;47.3466;56.4761;68.3149;26.135;71.768;60.3605;55.3317;33.9678;45.7229;60.5739;82.8721;82.7391;66.7083;57.3591;66.485;99.6891;95.1253;94.6498;67.3089;58.4963;29.609;31.0659;39.9324;31.1591;74.9563;108.85;110.611;105.582;84.2184;95.9735;100.274;50.2506;86.7652;75.6601;56.7634;47.4141;48.2111;81.4152;76.8513;76.3759;56.4364;42.9874;11.335;18.3579;31.7212;49.4331;56.8093;100.639;92.3371;87.3084;65.9444;77.6996;90.3288;31.9766;18.274;67.7445;70.0566;51.1599;41.8106;36.6668;40.7427;47.8781;59.8638;86.6837;100.133;78.2402;100.248;109.377;92.4663;79.0363;71.7477;42.1233;47.152;56.2134;14.0105;8.35891;52.9012;99.1696;84.8779;23.7515;34.8565;22.4618;31.8111;43.1625;81.8513;85.5866;85.1111;83.2527;96.7018;74.8093;96.8169;105.946;76.65;75.6053;112.48;86.2382;88.9957;74.6797;58.4672;36.0978;49.4703;89.1702;79.2252;44.4567;16.5715;11.674;26.2027;35.552;46.9035;85.5922;89.3275;88.852;86.9936;100.443;78.5502;97.975;84.6117;45.5248;79.3462;116.221;97.7653;92.7366;78.4206;76.392;75.9571;53.2112;71.0651;82.9661;77.3626;40.323;32.0628;31.9297;28.9192;25.3867;36.7381;75.4269;79.1622;78.6867;76.8283;82.9198;68.3849;77.7192;64.3559;25.269;69.1809;106.056;87.6;82.5713;68.2553;66.2266;68.3014;43.0459;50.8094;69.0833;67.1973;51.381;20.2648;54.3091;65.4142;50.6399;52.2179;51.4622;54.2892;61.4247;73.4103;101.479;114.928;93.0356;115.043;124.173;102.874;93.8316;81.1794;51.555;56.5837;69.76;27.5629;9.30322;67.6966;109.577;99.632;14.7954;34.6832;70.8806;77.6046;33.8249;44.93;26.4937;34.2442;45.5957;74.6623;81.7978;87.5442;85.6858;99.1349;77.2424;99.25;108.38;80.682;78.0384;105.326;75.7012;80.7299;77.1128;47.9301;25.5608;51.9034;91.6033;81.6583;33.9197;10.6568;50.3964;55.4129;24.1462],434.16,24.5621
SFF*,0,324785,solved,[0;9;11;19;16;10;7;18;17;14;12;4;15;1;13;3;2;8;6;5],[15.5907;68.337;52.7463;90.4421;74.8514;22.1051;111.733;96.142;43.3957;21.2906;155.814;140.224;87.4773;82.098;60.8074;159.272;143.682;93.3002;87.921;66.6304;5.82292;124.526;108.936;100.785;109.114;101.805;40.9974;35.1745;143.181;127.591;82.1296;90.4593;86.6556;25.8482;20.0253;18.6551;121.711;106.121;99.516;121.621;121.236;60.4282;54.6053;20.5228;39.178;121.303;105.713;104.24;126.345;135.861;75.0535;69.2306;35.1558;53.8109;14.6329;99.1701;99.3207;125.805;147.91;159.811;99.0037;93.1808;59.1059;77.761;38.5831;23.9501;94.1521;94.3027;120.787;142.892;164.182;104.022;98.1988;64.124;82.7791;43.6011;28.9682;5.01803;95.8115;80.2207;27.4745;5.36939;20.4324;81.2398;87.0627;112.299;93.6444;126.99;131.714;153.279;148.261;85.4246;69.8339;17.0876;23.0096;44.3003;70.3897;76.2126;86.1047;67.4496;106.13;112.354;136.304;137.874;26.1948;98.9497;83.3589;76.7542;98.8593;118.528;57.7207;60.3227;25.5766;44.2317;22.7618;28.9859;52.9361;57.9541;104.229;83.3679;131.25;115.66;65.7473;74.0769;86.2275;25.4201;28.022;35.0374;16.3823;55.0624;61.2865;85.2367;90.2547;77.2621;51.0732;32.3006;27.5258;11.9351;40.8112;62.9162;84.2069;128.288;132.176;97.4304;116.086;94.6156;94.2074;111.256;106.238;68.2856;57.8988;71.8538;104.154;77.8261;62.2473;60.7626;82.8677;104.158;78.8443;81.4462;46.7001;65.3552;43.8854;43.4772;65.0421;60.0241;88.2371;77.8502;21.1235;53.4242;50.7303;85.6139;85.7635;112.248;134.353;155.643;112.561;106.738;72.6632;91.3183;52.1403;37.5074;13.5573;8.53923;139.722;129.335;66.4933;98.7939;97.6986;51.558],361.496,17.1604
SFF*,0,325597,solved,[0;15;6;13;19;1;7;18;14;17;10;2;16;11;12;3;5;4;9;8],[89.5755;78.5409;57.4565;76.7989;109.108;51.6511;91.0077;131.318;73.8615;22.2105;96.5079;136.818;79.3617;27.7107;5.50022;162.591;98.3537;84.0501;107.91;85.6997;80.1995;128.034;62.4528;49.4935;94.0585;110.352;104.852;35.9009;122.263;41.1303;43.7222;88.2872;110.498;114.024;57.2234;21.3226;147.07;81.4883;68.529;113.094;93.5587;88.0585;19.9375;19.0355;40.3581;156.74;103.022;78.1994;113.206;90.9958;85.4956;5.85062;40.5691;61.8917;21.5336;132.159;88.9459;53.6177;98.1827;76.4777;70.9775;30.4323;33.8746;52.853;17.081;24.5817;115.129;131.496;96.1677;46.3319;24.1214;18.6212;63.6636;86.2309;95.403;69.4373;66.8744;52.3563;68.6596;128.015;70.5582;18.9072;22.3482;27.8484;108.048;112.966;107.194;115.907;113.344;98.8259;46.4696;118.909;29.3337;43.4148;95.0465;117.257;120.783;72.0705;36.1697;14.8471;55.2052;76.7388;59.6123;102.162;113.954;100.784;57.5717;22.2435;66.8084;89.0189;92.5454;61.8066;27.25;21.4787;46.2855;55.956;31.3743;73.9242;85.7156;28.238;97.8781;8.30259;51.8653;103.516;125.727;131.227;106.656;70.7554;49.4329;89.7909;111.325;97.2485;139.798;122.423;37.6362;65.8743;94.8228;5.24725;62.7038;114.355;136.565;142.065;93.1064;57.2056;35.883;76.2411;97.7747;83.6987;126.249;133.262;24.0864;52.3244;13.5498;15.1281;104.704;63.4128;61.6708;75.8796;81.3799;147.463;112.906;107.135;131.942;141.612;117.031;100.001;53.5315;106.828;85.6563;113.006;109.951;27.1682;93.2145;51.3727;49.6307;63.8395;69.3397;135.423;100.866;95.0949;119.902;129.572;104.99;87.9609;41.6448;94.7875;73.6161;101.517;98.4617;12.0401],364.857,16.2389
SFF*,0,174381,unsolved,[8],[],1e+08,30.0001
SFF*,0,161522,unsolved,[8],[],1e+08,30.0007
SFF*,0,306061,unsolved,[8],[],1e+08,60.0017
SFF*,0,307238,unsolved,[8],[],1e+08,60.0001
SFF*,0,369268,unsolved,[3],[],1e+08,60.0001
SFF*,0,434779,unsolved,[2],[],1e+08,60.0003
SFF*,0,393089,solved,[0;36;17;4;24;31;21;33;37;1;39;3;19;34;38;18;30;14;11;7;16;29;35;10;9;27;8;5;26;22;20;15;2;6;13;12;32;28;25;23],[49.9581;58.2199;16.6048;67.1723;22.2815;8.95238;53.2866;50.8168;45.1236;36.1712;63.8721;65.9713;60.2781;51.3258;15.1546;83.1418;91.218;85.5248;76.5724;40.4012;25.2466;89.5494;97.6255;91.9323;82.9799;46.8088;31.6542;6.40755;106.155;114.512;111.55;102.598;66.4268;51.2722;26.9344;20.5269;106.605;114.962;112;103.048;66.8763;51.7217;33.3066;26.899;6.37216;86.1065;94.4638;91.5019;82.5495;46.3783;31.2238;26.2631;18.2419;25.6511;20.498;84.1078;92.465;90.7225;81.7701;45.5989;30.4443;34.2205;26.1993;33.6085;28.4554;7.95741;41.4795;74.1695;79.0155;79.2726;43.1014;53.6869;72.9567;69.3692;76.7785;71.6253;51.1273;43.1699;35.9652;54.5974;59.4434;61.8759;25.7047;36.2903;55.56;61.9676;78.5731;79.0227;58.5247;51.2774;19.5721;17.6911;62.7242;67.5703;75.1817;39.0105;49.596;68.8657;75.2733;91.8788;92.3284;71.8304;69.8317;36.0678;18.2741;33.2076;47.767;52.613;56.2501;20.0789;30.6645;49.9342;56.3418;72.9473;73.3969;52.8989;50.9001;26.4025;6.8304;18.9315;40.8705;88.0251;99.0904;107.835;71.6634;82.249;101.519;97.9312;99.1851;92.813;79.6894;71.732;28.562;48.1341;35.4588;54.3903;97.9922;122.398;120.655;111.703;75.5317;60.3771;64.1533;56.1321;47.9192;41.547;37.8902;29.9328;56.5127;76.0848;92.5805;80.8329;62.5819;67.2895;99.9795;104.826;105.083;68.9114;79.497;94.856;86.8348;72.658;66.2859;68.5929;60.6355;25.81;45.3821;61.8778;52.2125;32.195;30.7027;90.6325;103.748;102.005;93.0527;56.8815;41.7269;45.5031;37.4818;37.4406;31.0684;19.24;11.2826;49.153;62.5599;81.1142;62.1827;77.7151;18.6502;49.353;106.76;115.118;112.156;103.203;67.0321;51.8776;45.9057;38.8957;18.9712;12.5991;20.6538;23.0449;66.2149;74.3223;92.4842;73.5527;80.2139;28.948;53.6868;18.4694;94.4571;102.533;96.84;87.8876;51.7164;36.5618;11.3152;4.90768;20.8593;27.2314;23.1495;31.1069;74.2769;66.8752;80.181;61.2494;102.839;61.0397;91.7425;42.3895;39.8305;99.3888;87.9781;79.9653;71.013;46.1023;49.6553;37.0919;34.3685;50.3201;56.6923;52.6104;60.5678;89.2036;71.807;85.1127;66.1812;117.766;90.5006;115.014;71.8504;69.2913;29.4608;91.7376;100.095;97.133;88.1806;52.0094;36.8548;15.0293;13.8227;14.4173;20.1781;11.2338;19.1912;62.3611;64.1558;77.4615;58.53;90.9232;49.124;79.8267;30.4738;31.8876;18.7304;48.1913;95.3868;83.9761;75.9633;67.011;42.1002;45.6533;33.0899;38.3705;54.3221;60.6943;59.3531;67.3105;85.2016;67.805;81.1107;62.1792;113.764;97.2433;111.012;78.593;73.2933;33.4628;4.002;48.1192;95.3135;73.2155;65.2027;56.2503;42.0269;45.5799;47.5138;52.7944;68.7459;75.1181;73.7769;76.0243;85.1283;67.7316;81.0374;62.1058;113.69;105.957;110.938;87.3069;87.7172;47.8867;18.4258;62.5431;14.4238;102.179;62.2368;54.224;45.2716;48.8923;56.5586;54.8293;60.1099;76.0614;82.4336;81.0924;87.003;91.9937;74.5971;87.9028;68.9713;120.556;116.936;117.804;98.2855;95.0327;55.2022;25.7413;69.8586;21.7393;10.9787;100.778;66.8341;58.8213;49.8689;47.4914;59.9574;59.4266;64.7071;80.6587;87.0309;85.6897;90.4017;90.5928;73.1962;86.5019;67.5704;119.155;120.335;116.403;101.684;99.6299;59.7995;30.3386;74.4559;26.3366;14.3774;4.59726;41.8513;50.2086;55.0546;47.6064;11.4353;22.0208;41.2905;47.6981;64.3036;64.7532;44.2552;42.2565;31.6661;14.2695;27.5752;8.64369;60.2282;72.1892;57.4762;53.539;64.909;52.6057;57.5375;49.8863;53.5355;53.4622;60.3276;58.9267;93.9073;70.5084;62.4956;53.5432;40.6208;53.0867;55.0205;60.3011;76.2527;82.6249;81.2836;83.531;83.7222;66.3255;79.6312;60.6997;112.284;113.464;109.532;94.8136;95.2239;55.3934;25.9326;70.0498;21.9306;7.50675;8.27159;6.87068;52.056;84.908;82.4382;75.6082;66.6558;31.6214;35.1745;39.5398;45.9473;64.8009;71.1731;65.8029;65.6188;74.7228;57.3262;70.6319;51.7004;103.285;95.5516;100.533;76.9014;83.7722;43.9417;14.4808;54.5691;10.4788;10.4055;21.3842;24.7829;43.0567;17.9122;59.3774;67.7347;64.7728;55.8204;19.6493;4.49468;23.7644;30.1719;46.7775;47.2271;26.7291;25.9497;49.1923;31.7956;45.1013;26.1698;77.7543;55.8825;75.0023;37.2322;47.3829;35.0796;54.15;32.3602;50.148;50.0746;61.0533;64.4521;17.5261;57.5814;39.6691;36.807;23.387;28.2331;37.1854;28.4937;43.6483;68.1121;74.5196;91.1252;91.5748;71.0768;69.078;50.7824;31.2104;43.3115;24.38;76.1567;99.0108;76.5925;80.3606;91.7306;79.4273;74.5959;76.7079;70.5939;70.5206;77.386;75.9851;26.8216;69.1144;60.1151;44.3477;81.0961;33.92;25.9072;16.9548;27.8096;42.9641;68.2108;74.6183;94.2363;94.6859;74.1879;73.4085;70.911;53.5143;66.82;47.8885;99.473;103.341;96.721;84.6911;94.8417;79.526;54.0582;79.819;50.0562;39.2955;28.3168;32.9141;39.2448;36.5884;49.701;47.4588;54.1402;121.96;84.5837;84.6572;75.7048;68.6737;72.2267;59.6633;56.554;66.0544;67.7566;74.7959;82.7533;111.775;94.3784;107.684;88.7526;140.337;109.304;134.043;94.0359;80.3557;51.6464;28.5155;70.3768;26.5734;40.9972;30.4332;35.0305;80.1089;38.7048;37.0522;76.7214;97.1673;58.75;57.0226;7.06445;9.54035;15.2171;51.3883;66.5429;91.7895;98.197;117.815;118.265;97.7666;96.9872;81.2339;61.6618;69.7887;54.8314;95.0896;126.92;107.044;108.27;118.42;103.105;80.9137;103.398;76.9117;66.151;55.1724;59.7696;57.273;63.4439;76.5565;71.0375;30.4515;26.8555;80.8516;40.3901;12.9838;17.8298;26.7822;37.8329;52.9875;78.2341;84.6417;101.528;101.978;81.48;79.4812;61.1857;41.6136;49.7404;34.7832;81.2605;109.414;86.9957;90.7638;102.134;89.5494;83.9352;87.1111;79.9332;79.8598;72.0538;76.6511;37.2248;78.4537;69.4544;54.7509;10.4032;43.737;97.5675;20.0483;11.578;56.6111;61.4571;70.4095;41.7086;52.2941;71.5638;77.9714;94.577;95.0265;74.5285;72.5298;38.6872;24.3873;6.11315;21.6296;38.0782;95.1999;64.4972;83.8123;95.1823;82.8791;87.8108;80.1596;83.8088;83.7355;90.6009;89.2;30.2733;82.3293;73.33;47.7995;38.0785;69.5181;110.382;63.6755;43.6273;26.0091;29.3304;34.1765;43.1289;39.2915;49.9899;69.2596;75.6672;92.2728;92.7223;72.2243;70.2256;45.7279;26.1558;33.3938;19.3254;65.3589;100.158;71.5379;81.5081;92.8781;80.5749;85.3938;77.8554;81.3918;81.3184;88.1839;86.783;27.9691;79.9123;70.913;45.4953;10.7979;60.0836;107.965;36.3949;16.3466;27.2806;16.0137;63.1683;74.2336;83.186;49.6125;60.198;79.4677;85.8753;102.244;97.0911;76.5931;68.6357;25.4658;24.8892;10.602;29.5335;24.8568;81.9785;51.2758;74.6188;91.6806;90.783;95.7147;87.8269;91.7127;91.6394;98.5048;97.1039;38.1772;90.2332;81.2339;55.7033;51.2999;77.422;118.286;70.2328;56.4037;13.2214;40.5021],489.553,29.638
SFF*,0,391439,solved,[0;36;17;4;24;31;35;29;37;10;39;16;7;38;19;30;14;11;3;1;9;27;22;5;34;33;21;18;15;26;20;6;2;13;12;8;32;28;25;23],[49.6977;64.1172;16.1924;72.2618;22.5642;21.2324;55.7109;51.0155;54.9305;44.7865;60.3753;67.4845;71.3995;61.2555;16.4689;100.619;85.5537;84.2219;62.9895;44.9083;41.1122;94.3856;102.222;106.137;94.0798;51.2069;34.738;31.0903;106.434;119.096;123.011;112.867;68.0806;51.6117;52.1232;21.0329;91.8613;104.523;108.438;98.2941;53.5075;37.0386;47.5332;16.4429;14.5731;94.9083;107.57;111.485;101.341;56.5545;40.0856;58.2488;27.1585;25.2887;10.7156;96.4024;121.45;125.365;115.221;70.434;53.9651;71.4798;40.3895;19.3566;31.5774;20.8618;77.7875;105.128;109.043;98.8994;54.1129;37.644;78.2132;47.1229;37.9565;30.68;19.9644;18.6149;17.142;65.4747;75.7521;84.0592;39.2726;43.2333;84.1809;77.2436;89.2924;74.7193;77.7663;79.2604;60.6455;38.7227;87.0555;97.3329;105.64;60.8534;59.1447;100.257;88.7064;91.9555;84.6789;73.9633;72.6138;53.9989;21.5807;40.7489;90.4465;104.866;113.011;74.8053;78.766;119.714;112.776;113.976;106.699;95.9835;94.634;76.0191;35.5326;32.9329;91.0618;122.076;125.991;115.847;71.0604;54.5915;95.1607;64.0704;54.9041;47.6275;36.912;35.5625;16.9476;73.9198;52.3391;71.9685;56.7102;106.408;120.827;128.972;86.8648;76.8837;117.453;86.3627;77.1963;69.9197;59.2042;57.8547;39.2398;47.5922;26.0114;36.7793;35.3969;85.4785;98.1402;102.055;91.9112;47.1247;30.6558;67.6786;36.5883;34.7185;20.1454;9.4298;23.3093;10.5346;68.3365;64.5335;86.5537;27.4822;49.7744;109.576;125.264;129.179;119.035;74.2481;57.7792;58.2907;27.2004;6.16752;20.7406;23.3258;13.1891;31.789;92.4345;85.7879;107.808;48.7366;71.0288;32.7556;96.4912;81.4258;80.094;58.8616;40.7803;43.9641;4.12792;35.2182;56.2511;51.6611;62.3767;75.6077;81.6081;80.053;101.634;115.586;98.5556;120.848;71.8065;62.4186;96.9227;70.0131;68.6813;47.449;41.2118;44.3956;16.4691;47.5594;68.5923;64.0023;74.7179;87.9489;82.0395;80.4844;102.065;116.017;98.9871;121.279;75.0514;74.7598;12.3412;111.941;65.0845;65.7758;44.5434;56.2302;59.414;31.4875;62.5778;83.6107;79.0207;89.7363;102.967;97.058;95.5028;117.084;131.035;114.006;136.298;90.0698;89.7782;27.3596;15.0184;107.516;62.4827;66.2455;46.982;51.8046;54.9884;27.0619;58.1522;79.1851;74.5951;85.3107;98.5417;92.6324;91.0773;112.658;126.61;109.58;131.872;85.6442;85.3527;22.934;10.5929;7.05317;35.5687;56.6789;66.9563;71.8436;27.0571;24.8066;65.9188;58.8168;70.8656;56.2925;59.3395;70.3598;51.7448;18.4268;40.0075;53.9594;68.6924;66.0189;49.9097;77.0331;67.8374;68.2688;83.2873;78.8617;89.6837;98.5998;102.515;92.3708;47.5843;31.1154;35.7922;4.70189;20.5003;11.741;22.4566;39.8569;42.421;72.5417;84.0045;108.074;59.3686;81.6608;31.8864;26.6678;39.9201;52.2612;67.2797;62.8541;54.1149;87.4374;94.5465;98.4615;88.3175;43.531;27.0621;30.1124;7.67594;26.8585;18.0992;28.8148;46.2151;48.7792;70.2954;86.2068;105.828;65.7268;88.019;38.2446;33.026;34.2403;46.5815;61.5999;57.1743;51.8686;6.35821;36.2449;49.7915;60.0689;64.9563;20.1697;26.4184;65.078;61.1564;77.753;63.1799;66.2269;77.2471;58.6322;19.1029;40.6837;54.6356;75.5798;66.6951;56.7971;83.9205;60.95;61.3815;76.3999;71.9743;6.88735;57.5338;53.4805;59.8233;72.4851;76.4001;66.2561;21.4695;5.00059;46.1128;34.5623;46.6111;32.038;35.085;48.9645;32.6434;42.6813;54.1441;78.2139;49.5909;71.8831;25.6552;52.7786;48.9647;49.3962;64.4146;59.989;24.2545;29.8604;32.0626;31.1419;45.2612;58.8079;66.0839;55.9399;11.1534;17.4163;56.0616;52.1543;69.028;54.4549;57.5019;71.3814;55.0603;28.1192;49.7;63.6519;72.0079;75.7114;48.0721;75.1955;51.9337;52.3652;67.3836;62.958;15.9037;48.5317;44.4784;9.01633;22.4169;86.3886;71.3232;69.9914;48.759;30.6777;33.8615;14.2305;45.3208;66.3537;61.7637;72.4793;85.7103;71.5055;69.9504;91.5311;105.483;88.453;110.745;64.5173;72.5213;10.1026;10.5341;25.5525;21.1269;57.7348;50.0227;44.3429;50.8474;38.8621;41.8311;85.9125;36.2149;34.8831;13.6507;32.0085;48.4775;49.3388;80.4291;100.089;85.516;88.563;102.443;86.1214;71.2812;92.8619;106.814;103.069;118.873;79.1332;106.257;45.2109;33.7983;30.8927;33.3313;59.0656;79.5928;75.5395;52.1782;53.4781;43.1619;35.1083;37.0955;23.1068;27.0218;36.2692;27.9088;44.3777;72.817;79.1157;95.9894;81.4163;84.4633;98.3428;82.0217;48.7304;70.3111;77.8444;98.9692;93.8057;75.0335;102.157;68.6891;69.1205;80.8126;79.7134;39.9345;75.4931;71.4398;33.0471;49.3783;39.0621;58.5865;49.92;127.089;84.753;90.5184;71.2548;71.3785;67.8917;26.7795;52.522;61.6892;68.9649;79.6805;81.0457;99.6449;110.651;127.036;146.184;116.592;138.885;89.1103;67.8567;30.9074;30.1667;37.1509;31.5129;92.6983;57.2239;56.8919;91.5482;72.8923;82.5318;40.7007;57.6041;99.2872;56.694;6.99637;9.196;15.5678;58.0119;74.4808;78.5573;109.219;126.092;111.519;114.566;128.446;112.125;72.4711;94.0518;97.4429;129.072;113.404;105.137;132.26;74.4294;63.0168;59.6514;57.0495;63.6753;105.596;101.543;56.7879;79.4814;65.8042;64.3268;29.2185;30.1031;81.3224;107.042;57.3446;61.1074;41.8439;56.9428;60.1266;32.2001;63.2903;84.3233;79.7333;90.4488;103.68;97.7705;96.2154;117.796;131.748;114.718;137.01;90.7823;90.4908;28.0721;15.731;7.73994;5.13813;83.9998;67.9922;62.3125;77.1125;65.1271;68.0962;26.265;28.1932;78.1131;29.5042;52.3036;39.0585;12.2305;28.4228;34.7946;38.7851;55.254;83.6933;89.992;106.866;92.2926;95.3396;109.219;92.898;53.2443;74.825;79.8074;109.846;95.7687;85.9098;113.033;79.5654;79.9969;77.3149;74.7131;44.4484;86.3694;82.3161;37.5611;60.2546;46.5774;69.4628;48.4453;10.8763;96.9835;19.2268;69.575;11.3448;60.2105;70.4879;79.7353;45.0698;49.0305;89.9781;83.0408;95.0896;80.5165;83.5635;85.0576;66.4427;5.79718;27.3779;37.6185;79.717;53.3894;74.1337;98.2317;85.8501;86.2816;101.3;96.8744;24.224;78.3389;76.0926;24.9001;48.4785;33.9164;75.7475;77.0783;43.4661;116.448;67.2068;102.013;47.98;25.5672;28.2727;38.5501;47.7976;30.1437;46.6127;75.052;81.3507;98.2243;83.6513;86.6982;98.766;80.151;37.2021;58.7828;66.316;97.0986;82.2774;77.2685;104.392;70.9241;71.3555;86.374;81.9484;28.4062;77.728;73.6747;21.5188;51.6133;30.5352;60.8215;61.4483;11.5283;101.522;35.2691;85.6172;16.0422;31.9378;15.5998;65.2974;79.717;87.8616;49.6561;53.6169;94.5644;87.6271;99.6759;85.1028;88.1498;89.6439;71.029;10.3835;23.3491;25.1491;75.6881;41.1104;78.72;102.818;90.4365;90.8679;105.886;101.461;28.8103;82.9252;80.6789;29.4864;53.0648;38.5028;80.3339;81.6647;52.6952;121.035;72.2938;106.599;54.6582;12.4694;41.1669],501.32,29.3167
SFF*,0,393105,solved,[0;45;38;36;43;30;19;41;34;31;46;49;35;9;44;29;37;1;39;47;14;16;10;40;27;22;42;6;4;5;8;20;48;33;24;2;26;21;15;7;3;11;17;13;12;32;28;25;23;18],[9.40895;18.0192;8.61029;50.848;60.2569;65.6093;36.5216;31.1967;30.7785;77.386;47.0631;41.7381;41.3199;87.9274;10.5414;49.9551;44.6301;44.2119;97.3094;38.7652;28.2238;62.0113;54.1343;50.1661;83.6423;67.7955;57.4511;29.2273;33.3494;28.6804;24.7121;56.4537;55.4906;66.032;52.4508;28.6619;52.735;53.6648;49.6965;69.8108;80.475;71.2827;43.0589;13.8315;24.9844;66.8981;69.6639;65.6956;75.3862;96.4741;93.6701;65.4463;36.2189;43.4958;22.3874;68.0716;70.8373;66.8691;76.5597;97.6475;98.7566;70.5328;41.3055;44.6693;27.4739;5.08652;86.1295;88.8952;84.927;80.5579;115.705;114.462;86.2382;57.0108;62.7272;43.1793;20.7919;18.9534;86.2136;88.9794;85.0111;80.6421;115.79;116.147;87.9232;58.6959;62.8113;44.8644;22.477;21.4148;4.09703;92.0839;94.8497;90.8814;88.424;121.66;118.856;90.6321;61.4047;68.6816;47.5732;25.1858;25.4381;9.73074;7.78196;90.463;87.1507;83.1824;105.857;105.324;94.9794;66.7556;37.5283;58.4703;37.728;30.4712;35.5577;36.8593;38.0581;30.2761;105.508;102.196;98.2279;122.584;112.053;103.736;81.801;52.5737;73.5158;52.7734;47.2459;52.3324;57.2451;58.573;50.791;20.5149;110.603;102.726;98.7574;128.998;105.639;97.3216;77.8187;48.5913;77.2533;59.1876;53.6601;58.7466;63.6592;64.9871;57.2052;26.929;6.41415;90.0025;82.1255;78.1572;111.633;95.7867;85.4423;57.2185;27.9912;56.6531;41.8227;46.0059;51.0925;56.0051;57.6902;55.6269;25.3507;26.0854;20.6002;96.3925;88.5155;84.5473;118.023;80.0386;71.7215;63.6085;34.3812;63.0431;48.2127;68.2786;73.3651;78.2778;79.9629;77.8996;47.6234;36.6066;30.1924;22.2727;108.549;100.672;96.704;130.18;79.5775;71.2604;59.3608;46.5379;75.1998;60.3694;80.4353;85.5218;90.4345;92.1195;90.0562;59.7801;48.7633;42.3491;34.4294;12.1567;111.342;103.465;99.4972;132.973;92.7582;84.4411;78.5585;49.3312;77.9931;63.1627;66.5406;71.6271;76.5397;77.8676;70.0857;39.8095;19.2947;12.8805;21.34;17.3119;29.4686;91.8457;88.5334;84.5652;108.921;106.707;96.3622;68.1384;38.911;59.8531;39.1107;33.5832;38.6697;43.5824;45.2675;43.2042;12.928;13.6627;20.0768;12.4227;34.6954;46.8521;32.9574;103.306;106.071;102.103;88.8546;132.882;130.078;101.854;72.6264;79.9033;58.7949;36.4075;36.6598;20.9525;17.1024;11.2217;41.0104;56.2665;62.6806;66.3611;88.6338;100.79;75.5611;53.9384;86.4212;89.1869;85.2186;69.8945;115.997;120.379;92.1551;62.9278;63.0189;49.0962;26.7088;21.6223;18.4417;14.3447;22.1266;52.4028;72.9176;79.3318;72.0349;94.3075;106.464;92.2123;59.6121;18.96;95.9463;98.7121;94.7438;66.9908;125.522;129.904;101.68;72.4529;72.544;58.6214;36.234;31.1475;27.9669;23.8698;31.6518;61.9279;82.4428;88.857;81.56;103.833;115.989;101.737;69.1373;28.4852;9.52517;83.2351;86.0008;82.0325;44.6347;112.811;123.352;96.7719;67.5446;59.8327;53.713;58.6634;53.5769;50.3963;46.2993;54.0812;84.3574;104.872;111.286;95.5357;101.926;114.082;116.876;91.5667;50.9147;31.9546;29.0508;72.3632;75.1289;71.1606;33.7628;101.939;112.481;85.9;56.6727;48.9609;42.8411;48.4166;48.1675;46.7951;46.8793;54.6612;78.8878;95.6145;102.029;84.6638;91.0539;103.211;106.004;81.9518;58.2835;39.3234;36.4196;10.8719;73.0222;82.4311;86.8001;22.2514;99.6374;110.179;101.539;72.3121;64.6003;58.4806;64.056;63.807;62.4346;62.5187;70.3006;94.5272;111.254;117.668;100.303;106.693;118.85;121.643;97.5913;73.9229;54.9629;52.0591;26.5113;15.6394;102.714;105.48;101.512;64.3005;132.29;136.672;108.448;79.2209;79.312;65.3894;43.002;37.9154;34.7348;30.6378;38.4198;68.6959;89.2108;95.6249;88.328;110.601;122.757;108.505;75.9053;35.2532;16.2931;7.26752;22.4443;33.3162;48.9557;97.3648;100.13;96.1622;58.9509;126.941;131.322;103.099;73.8713;73.9624;60.0398;37.6524;32.5659;29.3853;25.2883;33.0702;63.3464;83.8612;90.2754;82.9784;105.251;117.408;103.156;70.5557;29.9036;10.9436;8.03982;21.011;28.3798;44.0193;5.34954;76.1504;78.9161;74.9479;70.5788;105.726;110.108;81.8843;52.657;52.7481;38.8254;16.438;11.3515;9.97911;10.0632;17.8452;46.8385;63.6839;70.0981;62.444;84.7166;96.8733;82.9786;50.0213;27.1656;10.2708;19.7959;42.2254;36.816;52.4555;26.5639;21.2144;85.0216;87.7873;83.8191;83.2264;114.598;111.794;83.5697;54.3424;61.6193;40.5109;18.1235;18.3757;2.66842;4.3535;7.06232;34.1909;54.5767;60.9908;53.3367;75.6094;87.766;73.8713;40.914;18.2841;18.6982;28.2233;50.6528;49.4635;65.103;34.9913;29.6418;12.6475;85.7668;82.4545;78.4862;101.161;100.628;90.2832;62.0594;32.8321;53.7741;33.0318;25.775;30.8615;32.1631;33.8482;32.0623;4.69621;25.0819;31.4961;23.842;46.1146;58.2713;44.3766;11.4193;43.284;48.1929;57.7181;80.1475;74.1916;89.831;64.486;59.1365;42.1422;29.4947;45.4224;48.1881;44.2198;53.9104;74.9983;85.5397;58.9592;29.7319;22.0201;15.9003;21.4758;22.6492;40.7071;40.7913;46.6616;51.947;68.6737;75.0879;57.723;64.1131;76.2698;79.063;55.011;57.8833;40.9988;50.524;37.8127;26.9408;42.5802;57.2919;51.9424;30.728;39.5992;47.2508;43.1193;52.5282;61.1385;23.5185;79.6409;90.1824;89.3511;60.1238;43.4208;46.2923;51.8677;53.0412;71.0991;71.1832;77.0535;82.3389;99.0657;105.48;88.1149;94.505;106.662;109.455;85.403;88.2752;71.3907;80.9159;58.1207;47.2488;31.6093;80.565;75.6286;61.12;69.9912;77.6427;30.3919;34.8527;37.6185;33.6502;57.957;64.4287;74.9701;60.9412;31.7138;10.7859;17.8823;32.7099;33.8834;51.9413;52.0254;57.8957;55.6102;70.6557;77.0698;59.705;66.095;78.2517;81.045;56.993;69.1175;52.233;61.7581;49.0469;38.175;53.8144;68.5261;63.1766;41.9622;50.8334;50.914;11.2342;41.6261;79.1019;75.7896;71.8214;96.1777;93.9628;83.6183;55.3946;26.1672;47.1093;26.3669;20.8394;25.9259;38.828;40.5131;38.7271;11.3611;26.4065;32.8206;25.1665;47.4392;59.5959;45.7012;12.7438;49.9489;47.5482;57.0734;79.5028;69.208;84.8475;63.8414;58.4918;37.2775;36.1596;6.66485;42.2672;72.6592;44.2492;57.1788;52.5097;48.5415;74.8397;76.5982;66.2538;38.03;8.80263;23.8294;5.02891;27.4163;32.5028;48.2082;49.8933;52.6021;34.6409;49.6864;56.1005;36.7938;43.1838;55.3405;58.1338;36.0237;63.8238;54.1251;63.6503;58.7419;47.87;63.5095;70.4183;65.0687;43.8544;45.5398;29.9447;20.9292;51.3212;22.9112;23.2799;86.7632;78.8861;74.9179;108.394;88.819;80.5019;53.9792;24.7518;53.4137;38.5834;60.9708;66.0573;74.6299;76.315;74.2517;43.9756;44.7102;39.225;18.6248;9.62938;21.7861;26.9413;31.0475;84.9859;87.6796;97.2047;92.2964;81.4245;97.0639;103.973;98.6232;77.4088;71.9615;42.4668;54.4837;84.8756;56.4656;40.139;33.5545;81.8251;73.9481;69.9798;103.456;87.6093;77.2649;49.0411;19.8137;48.4757;33.6453;50.531;55.6175;64.1825;65.8676;63.8043;33.5282;34.2628;28.7776;8.17742;18.3702;30.5269;29.5174;20.6001;74.5386;77.2398;86.765;87.3583;76.4864;92.1258;93.5329;88.1834;66.969;61.5141;32.0194;49.5456;79.9375;51.5275;29.6916;28.6164;10.4474;76.5331;71.2081;70.79;117.397;40.0115;31.932;27.6966;41.78;70.4419;55.6115;77.9989;83.0855;98.7908;100.476;103.185;79.3083;72.0414;65.6272;62.2998;40.0271;39.566;52.7467;74.7225;114.406;104.708;114.233;109.325;98.4527;114.092;121.001;115.651;94.437;96.1224;74.6121;71.5119;101.904;73.4938;67.9472;50.5826;48.8075;58.3974;64.5047;73.9136;81.8501;16.2408;93.6268;104.168;96.6319;67.4045;59.6927;53.573;59.1484;60.3219;70.9521;71.0362;78.8181;89.6196;106.346;112.761;95.3957;101.786;113.942;116.736;92.6837;82.4404;63.4803;60.5766;35.0288;24.1569;8.51749;57.4731;52.5368;60.9729;73.6205;84.9234;37.6726;23.0918;48.9068;79.9399;58.6019;92.1563;87.2183;109.185;114.075;116.841;112.873;84.6365;143.651;142.533;114.309;85.0819;90.673;71.2503;48.8629;49.1152;33.4079;29.5578;23.6771;53.4658;62.4762;67.9546;78.8165;96.2666;108.423;78.9547;66.3938;12.4554;27.6542;37.1793;51.0442;58.413;74.0524;35.3827;30.0332;37.9249;30.7395;55.7394;68.653;99.0449;79.8871;62.4043;76.2792;97.4414;86.994;126.862;82.5699;57.601;67.01;72.3623;6.75302;84.139;94.6805;104.062;76.8923;63.2067;63.0608;68.6362;69.8097;73.8049;73.8891;81.671;99.1074;115.834;122.248;104.883;111.274;123.43;126.223;102.171;82.1016;63.1415;60.2377;37.8817;27.0098;15.4984;57.5475;52.1979;63.8258;76.4733;94.4112;47.1604;30.2715;58.3946;89.4277;68.0897;101.644;96.706;118.672;9.48779;79.9802;39.1547;48.5637;57.174;12.6673;75.6764;86.2178;89.1098;70.975;43.7864;57.1435;62.7189;63.8924;81.9503;82.0344;87.9047;93.1901;109.917;116.331;98.9662;105.356;117.513;120.306;96.2542;99.1265;82.242;79.658;57.302;46.4301;33.8674;76.9678;71.6182;71.9712;80.8424;88.4939;41.2432;10.8512;45.2897;83.5104;62.1724;95.7269;90.7888;112.755;25.35;97.3037;19.4203;18.4713;9.66109;5.69284;68.5026;36.4713;47.0127;49.9047;44.4732;19.0193;44.0037;60.0028;61.1762;79.2341;79.3183;85.1886;77.4896;92.535;93.0646;72.4644;78.8544;91.0111;93.8044;78.8723;96.4103;79.5258;89.051;76.3397;65.4678;81.1072;95.8189;90.4694;69.255;78.1262;72.7934;38.527;55.4698;27.9574;66.1285;42.8487;69.2251;64.287;76.4828;76.1997;107.18;75.2556;55.8354;24.4929;33.9019;42.5122;28.8288;61.0146;71.556;74.448;56.2868;27.6249;47.0105;61.1736;62.347;80.4049;80.4891;86.3594;84.7384;99.7839;104.878;84.2779;90.668;102.825;105.618;86.1212;97.5811;80.6966;90.2218;73.4635;62.5916;50.029;93.1293;87.7797;70.4258;79.297;80.0422;39.6978;18.6263;29.1282;73.3774;51.4543;81.0386;76.1005;98.0668;41.5115;108.351;35.5818;16.1615;39.6738;16.0363;10.7113;10.2931;63.3907;20.4853;31.0268;33.9188;47.3102;35.0052;59.9896;75.9887;77.1622;95.2201;95.3042;101.175;84.8385;99.8839;95.9015;75.3014;81.6914;93.8481;96.6414;86.2212;112.396;95.5118;105.037;92.3257;81.4538;85.6421;111.805;106.455;85.241;94.1122;80.1423;54.513;59.1556;43.9433;73.4774;56.1128;72.062;67.1239;60.4968;79.6315;123.166;70.1437;55.191;15.986;40.5292;26.1469;28.9126;24.9444;49.2511;55.7228;66.2643;59.6533;35.8645;7.20255;26.5881;40.7513;41.9247;59.9826;60.0668;65.937;64.3161;79.3615;84.4558;63.8556;70.2457;82.4024;85.1956;65.6989;77.1588;60.2743;69.7995;57.0882;46.2163;61.8557;76.5674;71.2179;50.0035;58.8747;59.6199;19.2755;36.2183;8.70586;52.955;31.0319;60.6163;55.6782;77.6445;56.9481;87.9285;56.0041;36.5838;19.2515;20.4223;35.2375],553.778,34.391
SFF*,0,391046,solved,[0;45;38;34;26;41;15;46;49;35;48;44;33;37;39;16;47;30;43;1;10;13;40;27;22;12;42;17;32;2;6;4;8;5;29;9;20;21;14;11;7;3;31;24;19;36;23;28;25;18],[7.52753;16.1634;8.63588;31.8136;26.8485;18.2127;35.9455;37.3826;28.7467;10.5341;60.1091;61.5462;52.9103;34.6976;24.1636;57.7502;59.1873;50.5514;32.3387;21.8047;10.1557;75.6011;77.6676;69.0317;50.819;40.285;32.9404;22.7846;70.195;72.5873;63.9514;45.7387;35.2047;38.3465;28.1907;5.4061;87.3414;89.7337;81.0978;62.8852;52.3511;57.045;46.8892;24.1046;18.6985;89.4379;91.8302;83.1943;64.9816;54.4476;59.1414;48.9857;26.2011;20.795;2.09647;96.7466;99.1389;90.503;72.2903;61.7563;66.4502;56.2944;33.5098;28.1037;9.40518;7.30871;87.8434;89.2805;80.6446;62.4319;51.8979;40.249;30.0932;27.7251;31.0996;36.418;34.3216;34.7103;105.753;107.19;98.5546;80.3419;69.8079;45.6443;50.5198;48.1516;51.5262;56.8446;54.7481;55.1369;20.4266;87.8939;89.3309;80.6951;62.4824;51.9483;27.7848;33.7005;35.5396;38.9141;44.8687;46.9652;53.2241;20.9471;19.3392;102.087;103.524;94.8885;76.6758;66.1417;41.9782;47.8939;65.414;68.7885;74.7431;74.5003;74.8891;40.1788;19.7522;30.327;94.0354;95.4724;86.8366;68.6239;58.0898;33.9263;44.082;66.8667;72.2728;85.8142;87.9106;91.0516;56.3413;35.9148;41.398;16.1625;50.4021;42.8746;51.2279;48.8537;59.3878;56.9218;67.0775;89.8621;94.5925;111.739;113.835;121.144;97.1707;101.554;84.7065;81.8019;68.0278;39.5289;32.0014;40.3547;58.4824;69.0165;66.5505;76.7062;99.4908;104.221;121.368;123.464;130.773;106.799;112.195;94.3353;92.6751;78.901;10.8732;112.188;113.625;104.989;86.776;76.242;52.0784;56.9539;54.5857;57.9603;63.2787;61.1822;61.571;26.8607;6.43411;25.7733;13.3181;29.4807;95.12;105.993;94.268;95.705;87.0692;68.8565;58.3225;37.8598;36.5178;34.1497;37.5242;43.4788;45.1937;45.5824;10.8721;14.4484;10.075;34.2006;50.3631;94.7816;104.41;20.8825;117.212;119.604;110.968;92.7558;82.2217;88.3239;78.1682;55.3836;49.9775;31.279;29.1825;21.8738;51.3913;61.4204;72.3385;81.1726;97.3351;141.609;151.238;67.8545;62.2635;104.444;106.836;98.2005;79.9878;69.4537;75.6318;65.476;42.6914;37.2853;18.5868;16.4903;13.779;48.4893;68.9158;63.4555;88.668;104.401;128.842;138.47;75.3499;59.3614;12.768;89.9919;92.3842;83.7483;65.5356;55.0016;68.5862;58.4305;35.6458;30.2397;15.9006;15.8262;23.135;50.1478;70.5744;60.7693;90.3266;101.715;114.389;124.018;77.0085;59.3794;29.9277;17.1598;97.3485;99.7408;91.1049;72.8923;62.3582;75.9428;65.7871;43.0025;37.5964;23.2572;23.1829;30.4916;57.5044;77.931;68.126;97.6832;109.071;121.746;131.375;84.3651;66.736;37.2843;24.5164;7.35663;60.0534;62.2675;70.9034;67.5152;58.4447;74.6309;65.4988;74.863;69.4569;70.115;72.2115;79.5202;95.592;116.019;99.1993;113.393;108.557;104.134;93.2612;122.453;102.017;83.955;71.1871;68.3429;64.1318;88.6602;91.0525;82.4166;64.204;53.6699;69.8561;60.724;47.7863;42.3802;38.9849;41.0814;48.3901;75.403;95.8295;83.8537;108.618;103.782;113.058;122.686;102.264;82.4637;55.5785;42.8106;36.0096;31.7986;35.9641;61.9293;66.223;74.8588;59.6297;49.0957;65.2819;56.1498;65.514;60.1079;65.5683;67.6647;74.9735;86.243;106.67;89.8503;104.044;99.2082;108.09;97.2167;113.104;92.6676;89.9171;77.1491;68.2187;66.1371;9.34904;34.3385;40.519;45.294;53.9299;47.9808;50.4442;66.816;57.6839;67.048;61.6419;78.7884;80.8848;88.1935;87.7771;108.204;91.3843;105.578;100.742;88.1686;77.2954;114.638;94.2016;104.667;91.8992;81.4388;84.8439;20.7121;55.7488;21.4103;44.9782;49.7531;58.389;47.8377;39.8471;56.0333;46.9012;56.2654;50.8593;68.0057;70.1022;77.4109;76.9944;97.421;80.6017;94.7951;89.9596;92.6277;81.7545;103.855;83.419;97.8763;85.1083;70.6562;78.0128;31.4948;56.5902;22.2516;10.7827;77.562;79.9543;71.3184;53.1057;42.5717;58.7579;49.6258;51.1294;45.7233;42.328;44.4245;51.7332;78.746;99.1726;83.3263;97.5197;92.6842;101.959;111.588;105.607;85.8068;66.6768;53.9089;44.9785;42.8968;27.787;11.0983;23.2403;44.6505;45.4919;71.0038;75.2974;83.9333;67.2715;56.7375;72.9237;63.7916;65.2952;59.8891;56.4938;58.5903;65.899;92.9118;113.338;97.4921;111.685;106.85;116.125;106.291;119.773;99.9726;80.8426;68.0747;59.1443;57.0626;16.8986;25.2641;9.07448;30.4847;31.3261;14.1658;106.263;108.655;100.019;81.8063;71.2722;84.8569;74.7011;51.9165;46.5104;32.1713;32.0969;35.1093;66.4185;86.845;77.04;106.597;117.985;130.66;140.289;93.2792;75.6501;34.0983;21.3303;16.2707;12.0596;52.0722;21.4803;55.8188;72.7844;78.0704;32.5785;46.7443;101.008;103.401;94.7647;76.552;66.018;79.6026;69.4469;46.6622;41.2561;26.917;26.8426;34.1514;61.1642;81.5908;71.7857;101.343;112.731;125.406;135.034;88.0249;70.3958;35.5614;22.7934;11.0164;6.80532;57.3265;24.9933;59.3318;78.0386;81.5834;36.0915;50.2573;5.25427;88.8223;90.2593;81.6234;63.4108;52.8767;41.2278;31.0721;28.7039;32.0785;31.7038;29.6074;31.0455;4.7142;25.1408;22.1786;44.893;61.0555;98.1496;107.778;31.5749;15.5863;52.9193;44.8245;45.4336;52.7902;96.5709;70.6888;87.2218;88.7559;77.9733;74.0318;88.1976;61.7043;56.45;88.0963;90.4886;81.8527;63.6401;53.106;61.374;51.2182;28.4336;23.0275;4.329;4.25466;11.5634;38.5762;59.0028;49.1977;78.755;90.1432;112.494;122.123;65.4369;47.8078;29.1157;16.3477;11.5716;18.9282;70.8699;39.7398;66.3232;79.5433;68.7606;43.0829;57.2487;27.8423;22.588;33.862;78.0959;80.4882;71.8523;53.6396;43.1056;56.6902;46.5345;23.7498;18.3437;9.24553;11.342;18.6507;45.6636;66.0901;54.1143;83.9887;90.6165;102.493;112.122;72.5242;52.7244;39.1161;26.3482;11.896;19.2526;60.8695;29.7394;56.3227;69.5428;58.7602;33.0825;47.2483;28.1667;22.9124;40.9494;10.0004;81.1508;82.5879;73.952;55.7393;45.2053;33.5563;23.4006;21.0325;24.407;30.3616;32.4581;38.717;6.69261;27.1192;14.5071;44.3815;55.4525;90.4781;100.107;33.5533;13.1172;58.084;48.9484;46.2622;53.6189;88.8994;69.3466;79.5504;81.0845;70.3018;72.6896;86.8554;62.5329;57.2786;7.67146;34.6906;39.6072;105.519;106.957;98.3207;80.108;69.574;45.4104;55.5661;78.3508;83.7569;97.2983;99.3947;102.536;67.8254;47.3989;52.8821;27.6466;11.4841;75.9182;86.7914;40.9648;61.8472;108.819;115.885;113.199;120.555;120.041;115.267;110.692;112.226;101.444;104.168;118.334;129.47;124.215;72.5396;101.627;102.101;66.9366;82.1039;74.5764;73.4232;65.9224;67.8786;43.715;53.8707;76.6554;82.0615;100.76;102.856;110.165;83.964;72.2407;71.4998;52.4885;36.326;31.7018;42.575;65.8066;81.5748;132.039;119.347;112.301;119.658;118.346;113.571;108.997;110.531;99.7483;102.473;116.639;128.572;123.318;84.9428;105.089;100.405;77.2713;44.416;84.9843;86.4213;77.7854;59.5728;49.0387;24.8752;35.0309;57.8155;63.2216;76.763;78.8595;85.1184;53.094;39.3832;32.3469;19.631;9.05113;77.0789;87.9521;32.9491;42.4219;100.804;95.3498;92.6636;100.02;99.5061;94.7313;90.157;91.6911;80.9084;83.633;97.7988;108.934;103.68;54.0729;81.0921;81.5654;46.4014;20.5352;45.3771;79.8271;81.2641;72.6283;54.4156;43.8815;19.718;25.6337;43.1538;46.5283;52.4829;54.5794;60.8383;28.8139;25.9263;8.0668;22.2602;33.3312;76.6397;86.2685;32.3604;18.1418;80.2053;71.0698;68.3835;75.7402;91.1325;86.3577;81.7835;83.3175;72.5349;75.2595;89.4253;84.6542;79.3999;29.7928;56.812;61.7285;22.1213;44.8153;63.433;24.2801;53.4379;54.8749;46.2391;28.0264;17.4924;13.4444;4.31232;22.7926;28.1987;46.8972;48.9937;56.3024;34.4055;54.8321;38.0128;52.2062;47.3707;70.3662;79.9949;61.2662;40.8301;78.1762;65.484;57.7434;65.1;61.1865;56.4117;51.8375;53.3715;42.5889;45.3135;59.4793;74.014;68.7598;35.3844;51.2262;45.8474;27.7129;58.8548;57.1594;38.3196;29.946;47.0865;49.4788;40.843;22.6303;12.0963;28.2825;19.1504;28.5145;23.1084;40.2549;42.3513;49.66;49.2436;69.6701;52.8509;67.0443;62.2087;71.484;81.1127;76.1042;55.6682;70.1254;57.3575;42.9053;50.262;46.3485;41.5737;36.9994;38.5335;27.7508;30.4754;44.6412;59.176;53.9217;50.2224;41.0098;31.0093;42.551;73.6928;71.9975;53.1576;44.7841;14.838;43.7808;36.2533;27.6174;20.1166;30.6506;28.1846;38.3404;61.125;65.8553;83.0018;85.0982;92.4069;68.4336;73.8289;55.9694;70.1628;62.1109;28.7371;38.3658;80.263;66.0444;112.872;100.104;85.6522;93.0089;87.6317;84.3206;79.7463;68.0974;67.9542;73.2223;87.3881;101.923;96.6686;69.4124;83.7567;73.7562;61.741;73.595;45.8058;53.0598;47.9026;41.629;42.7469;52.5571;54.7712;63.4071;60.0189;60.5474;76.7336;67.6015;76.9657;71.5596;77.02;79.1165;86.4252;97.6947;118.121;101.302;115.495;110.66;96.6382;85.765;124.555;104.119;91.4513;78.6834;75.8392;71.6281;7.49627;43.4604;11.4518;13.2159;23.9985;34.692;20.5262;59.5685;64.8228;98.6736;77.7749;67.7745;91.0021;122.144;120.449;101.609;93.2352;63.2892;48.4512;80.1355;18.8237;11.2962;19.6495;37.8622;48.3962;53.4001;63.5558;86.3404;83.6009;100.747;102.844;110.153;93.649;99.0444;81.1849;95.3783;87.3264;31.5784;20.7052;105.478;91.2599;130.618;117.85;103.398;110.754;72.556;102.066;76.5115;56.5902;61.0493;90.9679;85.586;119.668;114.414;94.6279;101.502;91.5018;86.9564;98.8105;63.2802;78.2752;73.1181;65.8886;60.4925;25.2154;65.0598;11.7368;10.0857;6.00327;20.0767;29.3888;53.5524;51.1935;69.0444;63.6383;80.7847;82.8812;90.1899;81.2867;99.1967;81.3372;95.5306;87.4787;52.9603;42.0871;105.631;87.7113;110.655;97.8873;83.4351;90.7918;71.7902;82.1035;73.6662;52.2559;56.715;71.0052;82.7406;99.7058;94.4515;82.2656;81.5396;71.5392;74.5941;98.9628;79.4265;78.4275;73.2704;46.8812;40.5298;33.6207;64.2939;21.3819;24.2483;29.0233;37.6592;31.7101;34.1735;58.3371;49.768;59.1322;53.7261;70.8725;72.969;80.2777;79.8612;100.288;83.4685;97.6619;92.2634;71.8979;61.0247;106.722;86.2858;100.743;87.9751;73.523;80.8796;35.805;71.7691;37.681;16.2707;20.7298;60.9213;46.7555;87.8772;84.5394;80.8401;71.6274;61.627;73.1686;103.747;97.6325;83.2122;75.4017;45.4557;30.6177;51.8267;28.3088;40.3195;35.9852;26.7048;30.2338;24.99;6.7773;9.24069;33.4043;31.0454;48.8962;43.4901;60.6366;62.733;70.0417;61.1386;79.0486;61.189;75.3824;67.3305;55.631;62.2352;85.4827;67.5631;90.5071;77.7392;63.287;70.6436;60.7379;61.9554;57.3811;41.2035;41.0603;50.8571;65.0229;79.5577;74.3034;62.1174;61.3915;51.391;54.446;78.8146;72.6997;58.2794;53.1222;26.733;20.3817;26.8939;53.2416;41.53;20.1481;24.9328],561.685,35.1704
SFF*,0,334479,solved,[0;9;8;2;7;3;4;6;1;5],[15.8665;27.8681;12.0016;105.864;89.9973;77.9956;132.217;116.351;104.349;26.3536;97.5445;81.6781;72.7762;32.5956;50.5653;94.6335;99.8747;109.281;80.8225;98.7921;48.2269;75.541;59.6745;50.7727;35.5386;61.8922;22.0036;58.5517;95.0802;79.2137;67.3027;71.5437;87.3231;104.139;152.366;107.082;83.6998;88.8293;100.831;88.4176;109.496;58.9308;11.0454;52.879;159.961],286.169,11.0818
SFF*,0,334620,solved,[0;9;2;7;4;6;3;1;8;5],[15.2837;113.959;98.6756;139.601;124.317;25.6414;94.5549;108.252;85.7529;91.0883;77.5548;62.2711;36.4046;62.0459;62.8837;99.5856;84.3019;32.9539;50.7822;52.7991;22.0308;91.463;76.3292;67.2725;92.9138;137.563;74.6788;96.7097;26.7698;11.4861;87.1896;112.831;99.1366;50.785;72.8158;68.4686;83.1151;96.812;78.2707;96.0991;11.4398;51.4439;45.4072;126.123;87.6968],282.3,12.3942
SFF*,0,404027,solved,[0;9;6;5;2;3;8;7;4;1],[65.1097;82.5364;17.4267;71.7101;82.2954;86.2885;87.4334;46.1256;28.699;72.6896;71.3394;6.22973;15.0036;88.5251;43.7026;84.5561;30.2494;29.2668;112.545;57.9658;24.0196;18.896;63.4253;75.2547;52.8141;78.9119;69.6551;93.6747;51.5222;20.4246;32.2664;61.8707;35.9112;26.6544;50.674;43.0007;9.57454;66.0477;83.1541;81.2846;97.0079;68.1827;75.6468;28.4706;61.0968],218.662,14.8709
SFF*,0,399808,solved,[0;9;4;8;7;6;5;3;2;1],[63.5824;62.2329;20.7355;76.7878;30.26;50.9955;18.9272;57.8232;43.3056;88.0833;80.918;17.3356;38.0711;28.3149;75.1588;70.0205;81.7687;61.0332;112.029;51.9407;96.1209;68.2135;6.45307;27.1886;23.807;64.2763;14.5098;88.2218;98.0309;42.5343;35.798;54.7884;79.1036;26.4735;70.6641;40.9833;9.35221;72.9346;71.5851;74.8208;28.2794;85.947;79.3727;72.0326;107.383],215.505,13.9153
SFF*,0,416139,solved,[0;4;3;2;1],[51.4501;77.1091;25.6975;84.7754;35.6211;35.101;10.4194;54.6884;69.0543;90.3095],122.668,12.2676
SFF*,0,407296,solved,[0;4;2;3;1],[52.0099;87.5731;35.5632;70.9316;26.1564;36.958;9.45689;61.4667;97.03;67.7661],123.186,12.3286
SFF*,0,113484,solved,[0;4;3;2;1],[144.768;203.745;300.905;147.424;56.8192;301.135;272.885;397.211;475.203;413.02],678.218,30.0006
SFF*,0,105668,solved,[0;4;3;2;1],[144.509;203.557;300.133;147.519;57.0019;303.201;272.577;416.33;476.134;418.95],677.645,30.0008
SFF*,0,213556,unsolved,[4],[],1e+08,30
SFF*,0,220882,unsolved,[4],[],1e+08,30.0004
SFF*,0,233819,unsolved,[4],[],1e+08,30.0001
SFF*,0,196937,unsolved,[4],[],1e+08,30.0004
SFF*,0,936842,solved,[0;4;2;1;3],[240.605;395.794;218.707;248.374;256.207;184.009;219.711;227.477;176.482;28.7546],643.655,30.0002
SFF*,0,892831,solved,[0;4;2;1;3],[242.112;392.844;204.959;246.582;255.996;184.858;218.133;227.546;174.824;28.4831],626.398,30.0001
SFF*,0,933115,solved,[0;4;2;3;1],[244.923;425.901;211.801;265.786;227.614;178.175;242.879;256.116;184.885;28.5027],661.357,30.0001
SFF*,0,924259,solved,[0;4;2;3;1],[246.861;426.05;219.731;270.981;228.653;177.193;242.376;257.279;184.105;28.8563],668.157,30.0001
SFF*,0,922870,solved,[0;4;2;3;1],[257.693;394.318;207.14;218.025;228.122;176.35;242.1;256.628;204.856;28.5064],630.021,30
